Module,File Path,Language,Dependencies,LOC,Last Modified,Primary Purpose,Complexity Score
ConsoleApp,WebVella.Erp.ConsoleApp/Config.json,JSON,ConnectionString,24,2022-10-15,"Host runtime configuration (connection string, encryption key, JWT secret) for ConsoleApp",Low (CC~1)
ConsoleApp,WebVella.Erp.ConsoleApp/Program.cs,C#,WebVella.Erp.Api; WebVella.Erp.Api.Models; WebVella.Erp.Api.Models.AutoMapper; WebVella.Erp.Database; WebVella.Erp.Eql; WebVella.Erp.Hooks; (+2 more),120,2024-12-18,Application entry point / host bootstrap,Watch (CC~13)
ConsoleApp,WebVella.Erp.ConsoleApp/RoleRecordHooks.cs,C#,WebVella.Erp.Api.Models; WebVella.Erp.Hooks; System.Collections.Generic,35,2020-08-19,C# source component,Low (CC~1)
ConsoleApp,WebVella.Erp.ConsoleApp/StringExtensions.cs,C#,System.Text.RegularExpressions,15,2022-01-27,C# source component,Low (CC~1)
ConsoleApp,WebVella.Erp.ConsoleApp/UserRecordHooks.cs,C#,WebVella.Erp.Api.Models; WebVella.Erp.Eql; WebVella.Erp.Hooks; System.Collections.Generic; System.Linq; System.Text; (+1 more),87,2024-12-18,C# source component,High (CC~17)
ConsoleApp,WebVella.Erp.ConsoleApp/WebVella.Erp.ConsoleApp.csproj,MSBuild/XML (.csproj),-> ..\WebVella.Erp\WebVella.Erp,20,2026-01-20,"MSBuild project file (Sdk, net9.0) for ConsoleApp",Low (CC~1)
Plugin: Approval,WebVella.Erp.Plugins.Approval/Api/DashboardMetricsModel.cs,C#,Newtonsoft.Json; System; System.Collections.Generic,38,2026-01-20,API / domain manager component,Low (CC~8)
Plugin: Approval,WebVella.Erp.Plugins.Approval/Components/PcApprovalDashboard/Design.cshtml,Razor (.cshtml),using:WebVella.Erp.Web.Utils; using:WebVella.Erp.Api.Models; using:WebVella.Erp.Web.Models; addTagHelper,136,2026-01-20,Page-builder component Razor view,Low (CC~3)
Plugin: Approval,WebVella.Erp.Plugins.Approval/Components/PcApprovalDashboard/Display.cshtml,Razor (.cshtml),using:WebVella.Erp.Web.Utils; using:WebVella.Erp.Api.Models; using:WebVella.Erp.Web.Models; addTagHelper,321,2026-01-20,Page-builder component Razor view,Split (CC~53)
Plugin: Approval,WebVella.Erp.Plugins.Approval/Components/PcApprovalDashboard/Error.cshtml,Razor (.cshtml),using:WebVella.Erp.Web.Utils; using:WebVella.Erp.Exceptions; addTagHelper,34,2026-01-20,Page-builder component Razor view,Low (CC~5)
Plugin: Approval,WebVella.Erp.Plugins.Approval/Components/PcApprovalDashboard/Help.cshtml,Razor (.cshtml),addTagHelper,122,2026-01-20,Page-builder component Razor view,Low (CC~7)
Plugin: Approval,WebVella.Erp.Plugins.Approval/Components/PcApprovalDashboard/Options.cshtml,Razor (.cshtml),using:WebVella.Erp.Web.Utils; using:WebVella.Erp.Web; using:WebVella.Erp.Web.Models; addTagHelper,109,2026-01-20,Page-builder component Razor view,Low (CC~3)
Plugin: Approval,WebVella.Erp.Plugins.Approval/Components/PcApprovalDashboard/PcApprovalDashboard.cs,C#,WebVella.Erp.Api; WebVella.Erp.Api.Models; WebVella.Erp.Exceptions; WebVella.Erp.Plugins.Approval.Api; WebVella.Erp.Plugins.Approval.Services; WebVella.Erp.Web; (+8 more),195,2026-01-20,Page-builder component implementation,High (CC~28)
Plugin: Approval,WebVella.Erp.Plugins.Approval/Components/PcApprovalDashboard/service.js,JavaScript,jQuery; WebVella,234,2026-01-20,Page-builder component client-side service script,Split (CC~53)
Plugin: Approval,WebVella.Erp.Plugins.Approval/Controllers/ApprovalController.cs,C#,WebVella.Erp.Api; WebVella.Erp.Api.Models; WebVella.Erp.Plugins.Approval.Api; WebVella.Erp.Plugins.Approval.Services; WebVella.Erp.Web.Services; Microsoft.AspNetCore.Authorization; (+5 more),145,2026-01-20,MVC/Web API controller,High (CC~20)
Plugin: Approval,WebVella.Erp.Plugins.Approval/Services/DashboardMetricsService.cs,C#,WebVella.Erp.Api; WebVella.Erp.Api.Models; WebVella.Erp.Eql; WebVella.Erp.Plugins.Approval.Api; System; System.Collections.Generic; (+1 more),212,2026-01-20,Service class (business logic / orchestration),Split (CC~37)
Plugin: Approval,WebVella.Erp.Plugins.Approval/WebVella.Erp.Plugins.Approval.csproj,MSBuild/XML (.csproj),-> ..\WebVella.Erp.Web\WebVella.Erp.Web; -> ..\WebVella.Erp\WebVella.Erp; fwk:Microsoft.AspNetCore.App; Microsoft.AspNetCore.Mvc.NewtonsoftJson 9.0.10,23,2026-01-20,"MSBuild project file (Sdk.Razor, net9.0) for Plugin: Approval",Low (CC~1)
Plugin: Crm,WebVella.Erp.Plugins.Crm/CrmPlugin._.cs,C#,WebVella.Erp.Api; WebVella.Erp.Api.Models; WebVella.Erp.Database; WebVella.Erp.Exceptions; WebVella.Erp.Plugins.Crm.Model; System,57,2022-11-06,Plugin patch registry / partial (ProcessPatches aggregation),Watch (CC~12)
Plugin: Crm,WebVella.Erp.Plugins.Crm/CrmPlugin.cs,C#,WebVella.Erp.Api; WebVella.Erp.Jobs; System; System.Collections.Generic,20,2019-01-31,Plugin entry point / registration (ErpPlugin subclass),Low (CC~1)
Plugin: Crm,WebVella.Erp.Plugins.Crm/Model/PluginSettings.cs,C#,(no using directives),9,2019-01-31,Model / DTO / data structure,Low (CC~1)
Plugin: Crm,WebVella.Erp.Plugins.Crm/WebVella.Erp.Plugins.Crm.csproj,MSBuild/XML (.csproj),-> ..\WebVella.Erp.Web\WebVella.Erp.Web; -> ..\WebVella.Erp\WebVella.Erp; fwk:Microsoft.AspNetCore.App,14,2026-01-20,"MSBuild project file (Sdk.Razor, net9.0) for Plugin: Crm",Low (CC~1)
Plugin: Mail,WebVella.Erp.Plugins.Mail/Api/AutoMapper/AutoMapperConfiguration.cs,C#,WebVella.Erp.Web.Models.AutoMapper.Profiles; AutoMapper.Configuration; AutoMapper,27,2022-01-27,API / domain manager component,Low (CC~3)
Plugin: Mail,WebVella.Erp.Plugins.Mail/Api/AutoMapper/EmailProfile.cs,C#,WebVella.Erp.Api.Models; WebVella.Erp.Plugins.Mail.Api; Newtonsoft.Json; System; System.Collections.Generic,68,2021-06-12,API / domain manager component,Low (CC~9)
Plugin: Mail,WebVella.Erp.Plugins.Mail/Api/AutoMapper/SmtpServiceProfile.cs,C#,WebVella.Erp.Api.Models; WebVella.Erp.Plugins.Mail.Api; MailKit.Security; System,58,2019-02-14,API / domain manager component,Low (CC~3)
Plugin: Mail,WebVella.Erp.Plugins.Mail/Api/Email.cs,C#,System; System.Collections.Generic,43,2019-05-29,API / domain manager component,Low (CC~3)
Plugin: Mail,WebVella.Erp.Plugins.Mail/Api/EmailAddress.cs,C#,Newtonsoft.Json,27,2019-04-19,API / domain manager component,Low (CC~1)
Plugin: Mail,WebVella.Erp.Plugins.Mail/Api/EmailPriority.cs,C#,(no using directives),9,2019-02-08,API / domain manager component,Low (CC~1)
Plugin: Mail,WebVella.Erp.Plugins.Mail/Api/EmailServiceManager.cs,C#,WebVella.Erp.Api.Models; WebVella.Erp.Api.Models.AutoMapper; WebVella.Erp.Eql; System,96,2020-11-14,API / domain manager component,Watch (CC~11)
Plugin: Mail,WebVella.Erp.Plugins.Mail/Api/EmailStatus.cs,C#,(no using directives),9,2019-02-12,API / domain manager component,Low (CC~1)
Plugin: Mail,WebVella.Erp.Plugins.Mail/Api/SmtpService.cs,C#,WebVella.Erp.Exceptions; WebVella.Erp.Plugins.Mail.Services; WebVella.Erp.Utilities; WebVella.Erp.Database; MailKit.Security; MimeKit; (+6 more),757,2022-01-27,API / domain manager component,Split (CC~153)
Plugin: Mail,WebVella.Erp.Plugins.Mail/Hooks/Api/SmtpServiceRecordHook.cs,C#,WebVella.Erp.Api.Models; WebVella.Erp.Hooks; WebVella.Erp.Plugins.Mail.Api; WebVella.Erp.Plugins.Mail.Services; System.Collections.Generic; System.Linq,46,2019-04-19,Hook / extensibility callback component,Low (CC~5)
Plugin: Mail,WebVella.Erp.Plugins.Mail/Hooks/Page/EmailSendNow.cs,C#,WebVella.Erp.Hooks; WebVella.Erp.Plugins.Mail.Api; WebVella.Erp.Plugins.Mail.Services; WebVella.Erp.Web.Hooks; WebVella.Erp.Web.Models; WebVella.Erp.Web.Pages.Application; (+2 more),20,2019-02-15,Hook / extensibility callback component,Low (CC~1)
Plugin: Mail,WebVella.Erp.Plugins.Mail/Hooks/Page/TestSmtpService.cs,C#,WebVella.Erp.Api.Models; WebVella.Erp.Exceptions; WebVella.Erp.Hooks; WebVella.Erp.Plugins.Mail.Api; WebVella.Erp.Plugins.Mail.Services; WebVella.Erp.Utilities; (+5 more),27,2019-02-15,Hook / extensibility callback component,Low (CC~1)
Plugin: Mail,WebVella.Erp.Plugins.Mail/Jobs/ProcessSmtpQueueJob.cs,C#,WebVella.Erp.Jobs; WebVella.Erp.Plugins.Mail.Services,17,2019-02-12,Background job / scheduled task component,Low (CC~1)
Plugin: Mail,WebVella.Erp.Plugins.Mail/MailPlugin.20190215.cs,C#,WebVella.Erp.Api; WebVella.Erp.Api.Models; WebVella.Erp.Web.Models; System.Collections.Generic; System.Text,5171,2019-03-02,Plugin schema patch (date-versioned migration via ProcessPatches),Split (CC~74)
Plugin: Mail,WebVella.Erp.Plugins.Mail/MailPlugin.20190419.cs,C#,WebVella.Erp.Api; WebVella.Erp.Api.Models; WebVella.Erp.Eql; WebVella.Erp.Plugins.Mail.Api; WebVella.Erp.Web.Models; System; (+3 more),386,2020-06-10,Plugin schema patch (date-versioned migration via ProcessPatches),High (CC~22)
Plugin: Mail,WebVella.Erp.Plugins.Mail/MailPlugin.20190420.cs,C#,WebVella.Erp.Api; WebVella.Erp.Api.Models; WebVella.Erp.Eql; WebVella.Erp.Plugins.Mail.Api; WebVella.Erp.Web.Models; System; (+3 more),67,2019-04-19,Plugin schema patch (date-versioned migration via ProcessPatches),Low (CC~3)
Plugin: Mail,WebVella.Erp.Plugins.Mail/MailPlugin.20190422.cs,C#,WebVella.Erp.Api,83,2019-04-22,Plugin schema patch (date-versioned migration via ProcessPatches),Low (CC~3)
Plugin: Mail,WebVella.Erp.Plugins.Mail/MailPlugin.20190529.cs,C#,WebVella.Erp.Api; WebVella.Erp.Api.Models; System.Collections.Generic,40,2019-05-29,Plugin schema patch (date-versioned migration via ProcessPatches),Low (CC~2)
Plugin: Mail,WebVella.Erp.Plugins.Mail/MailPlugin.20200610.cs,C#,WebVella.Erp.Api; WebVella.Erp.Api.Models; System.Collections.Generic,28,2020-06-10,Plugin schema patch (date-versioned migration via ProcessPatches),Low (CC~1)
Plugin: Mail,WebVella.Erp.Plugins.Mail/MailPlugin.20200611.cs,C#,WebVella.Erp.Api; WebVella.Erp.Api.Models; System.Collections.Generic,57,2020-06-10,Plugin schema patch (date-versioned migration via ProcessPatches),Low (CC~1)
Plugin: Mail,WebVella.Erp.Plugins.Mail/MailPlugin._.cs,C#,WebVella.Erp.Api; WebVella.Erp.Api.Models; WebVella.Erp.Database; WebVella.Erp.Exceptions; System,196,2022-01-27,Plugin patch registry / partial (ProcessPatches aggregation),High (CC~30)
Plugin: Mail,WebVella.Erp.Plugins.Mail/MailPlugin.cs,C#,WebVella.Erp.Api; WebVella.Erp.Jobs; WebVella.Erp.Plugins.Mail.Api; WebVella.Erp.Plugins.Mail.Jobs; WebVella.Erp.Plugins.Mail.Services; AutoMapper.Configuration; (+3 more),74,2022-01-27,Plugin entry point / registration (ErpPlugin subclass),Low (CC~2)
Plugin: Mail,WebVella.Erp.Plugins.Mail/Services/SmtpInternalService.cs,C#,WebVella.Erp.Api; WebVella.Erp.Api.Models; WebVella.Erp.Api.Models.AutoMapper; WebVella.Erp.Database; WebVella.Erp.Eql; WebVella.Erp.Exceptions; (+15 more),780,2022-01-27,Service class (business logic / orchestration),Split (CC~109)
Plugin: Mail,WebVella.Erp.Plugins.Mail/WebVella.Erp.Plugins.Mail.csproj,MSBuild/XML (.csproj),-> ..\WebVella.Erp.Web\WebVella.Erp.Web; -> ..\WebVella.Erp\WebVella.Erp; fwk:Microsoft.AspNetCore.App; MailKit 4.14.1,31,2026-01-20,"MSBuild project file (Sdk.Razor, net9.0) for Plugin: Mail",Low (CC~1)
Plugin: MicrosoftCDM,WebVella.Erp.Plugins.MicrosoftCDM/MicrosoftCDMPlugin._.cs,C#,WebVella.Erp; WebVella.Erp.Api; WebVella.Erp.Api.Models; WebVella.Erp.Database; WebVella.Erp.Exceptions; WebVella.Erp.Plugins.MicrosoftCDM.Model; (+1 more),58,2022-01-27,Plugin patch registry / partial (ProcessPatches aggregation),Watch (CC~12)
Plugin: MicrosoftCDM,WebVella.Erp.Plugins.MicrosoftCDM/MicrosoftCDMPlugin.cs,C#,WebVella.Erp; WebVella.Erp.Api; Newtonsoft.Json,19,2020-08-24,Plugin entry point / registration (ErpPlugin subclass),Low (CC~1)
Plugin: MicrosoftCDM,WebVella.Erp.Plugins.MicrosoftCDM/Model/PluginSettings.cs,C#,(no using directives),9,2020-08-24,Model / DTO / data structure,Low (CC~1)
Plugin: MicrosoftCDM,WebVella.Erp.Plugins.MicrosoftCDM/WebVella.Erp.Plugins.MicrosoftCDM.csproj,MSBuild/XML (.csproj),-> ..\WebVella.Erp.Web\WebVella.Erp.Web; -> ..\WebVella.Erp\WebVella.Erp; Microsoft.AspNetCore.Components 9.0.10; Microsoft.AspNetCore.Components.Web 9.0.10,14,2026-01-20,"MSBuild project file (Sdk.Razor, net9.0) for Plugin: MicrosoftCDM",Low (CC~1)
Plugin: Next,WebVella.Erp.Plugins.Next/Configuration.cs,C#,System.Collections.Generic; System.Text,20,2019-02-07,C# source component,Low (CC~1)
Plugin: Next,WebVella.Erp.Plugins.Next/Hooks/Api/AccountHook.cs,C#,WebVella.Erp.Api.Models; WebVella.Erp.Hooks; WebVella.Erp.Plugins.Next; WebVella.Erp.Plugins.Next.Services,20,2019-02-07,Hook / extensibility callback component,Low (CC~1)
Plugin: Next,WebVella.Erp.Plugins.Next/Hooks/Api/CaseHook.cs,C#,WebVella.Erp.Api.Models; WebVella.Erp.Hooks; WebVella.Erp.Plugins.Next; WebVella.Erp.Plugins.Next.Services,20,2019-02-07,Hook / extensibility callback component,Low (CC~1)
Plugin: Next,WebVella.Erp.Plugins.Next/Hooks/Api/ContactHook.cs,C#,WebVella.Erp.Api.Models; WebVella.Erp.Hooks; WebVella.Erp.Plugins.Next; WebVella.Erp.Plugins.Next.Services,20,2019-02-07,Hook / extensibility callback component,Low (CC~1)
Plugin: Next,WebVella.Erp.Plugins.Next/Hooks/Api/TaskHook.cs,C#,WebVella.Erp.Api.Models; WebVella.Erp.Hooks; WebVella.Erp.Plugins.Next; WebVella.Erp.Plugins.Next.Services,20,2019-02-07,Hook / extensibility callback component,Low (CC~1)
Plugin: Next,WebVella.Erp.Plugins.Next/Model/PluginSettings.cs,C#,(no using directives),9,2019-01-23,Model / DTO / data structure,Low (CC~1)
Plugin: Next,WebVella.Erp.Plugins.Next/NextPlugin.20190203.cs,C#,WebVella.Erp.Api; WebVella.Erp.Api.Models; WebVella.Erp.Eql; System; System.Collections.Generic; System.Linq,10674,2019-02-01,Plugin schema patch (date-versioned migration via ProcessPatches),Split (CC~490)
Plugin: Next,WebVella.Erp.Plugins.Next/NextPlugin.20190204.cs,C#,WebVella.Erp.Api; WebVella.Erp.Api.Models; WebVella.Erp.Eql; System; System.Collections.Generic; System.Linq,2424,2019-02-05,Plugin schema patch (date-versioned migration via ProcessPatches),Split (CC~90)
Plugin: Next,WebVella.Erp.Plugins.Next/NextPlugin.20190205.cs,C#,WebVella.Erp.Api; WebVella.Erp.Api.Models; WebVella.Erp.Eql; System; System.Collections.Generic; System.Linq,73,2019-02-05,Plugin schema patch (date-versioned migration via ProcessPatches),Low (CC~3)
Plugin: Next,WebVella.Erp.Plugins.Next/NextPlugin.20190206.cs,C#,WebVella.Erp.Api; WebVella.Erp.Api.Models; WebVella.Erp.Eql; System; System.Collections.Generic; System.Linq,1259,2020-11-14,Plugin schema patch (date-versioned migration via ProcessPatches),Split (CC~56)
Plugin: Next,WebVella.Erp.Plugins.Next/NextPlugin.20190222.cs,C#,WebVella.Erp.Api; WebVella.Erp.Api.Models; WebVella.Erp.Eql; System; System.Collections.Generic; System.Linq,149,2019-02-22,Plugin schema patch (date-versioned migration via ProcessPatches),Low (CC~2)
Plugin: Next,WebVella.Erp.Plugins.Next/NextPlugin._.cs,C#,WebVella.Erp.Api; WebVella.Erp.Api.Models; WebVella.Erp.Database; WebVella.Erp.Exceptions; WebVella.Erp.Plugins.Next.Model; System; (+2 more),159,2022-01-27,Plugin patch registry / partial (ProcessPatches aggregation),High (CC~27)
Plugin: Next,WebVella.Erp.Plugins.Next/NextPlugin.cs,C#,WebVella.Erp.Api; System; System.Collections.Generic,19,2022-01-27,Plugin entry point / registration (ErpPlugin subclass),Low (CC~1)
Plugin: Next,WebVella.Erp.Plugins.Next/Services/SearchService.cs,C#,WebVella.Erp.Api; WebVella.Erp.Api.Models; WebVella.Erp.Api.Models.AutoMapper; WebVella.Erp.Eql; WebVella.Erp.Exceptions; WebVella.Erp.Web.Services; (+3 more),240,2019-02-07,Service class (business logic / orchestration),Split (CC~54)
Plugin: Next,WebVella.Erp.Plugins.Next/WebVella.Erp.Plugins.Next.csproj,MSBuild/XML (.csproj),-> ..\WebVella.Erp.Web\WebVella.Erp.Web; -> ..\WebVella.Erp\WebVella.Erp; fwk:Microsoft.AspNetCore.App,14,2026-01-20,"MSBuild project file (Sdk.Razor, net9.0) for Plugin: Next",Low (CC~1)
Plugin: Project,WebVella.Erp.Plugins.Project/Components/HookMetaHead/HookMetaHead.cs,C#,WebVella.Erp.Web.Hooks; WebVella.Erp.Web.Models; WebVella.Erp.Web.Services; System; System.Collections.Generic; System.Linq; (+1 more),34,2019-01-23,Page-builder component implementation,Low (CC~1)
Plugin: Project,WebVella.Erp.Plugins.Project/Components/HookMetaHead/Project_HookMetaHead.cshtml,Razor (.cshtml),using:WebVella.Erp.Web.Models; using:WebVella.Erp.Web.Utils,10,2019-01-23,Page-builder component Razor view,Low (CC~3)
Plugin: Project,WebVella.Erp.Plugins.Project/Components/PcFeedList/Design.cshtml,Razor (.cshtml),(markup/partial),4,2019-01-23,Page-builder component Razor view,Low (CC~1)
Plugin: Project,WebVella.Erp.Plugins.Project/Components/PcFeedList/Display.cshtml,Razor (.cshtml),(markup/partial),3,2019-12-31,Page-builder component Razor view,Low (CC~1)
Plugin: Project,WebVella.Erp.Plugins.Project/Components/PcFeedList/Error.cshtml,Razor (.cshtml),using:WebVella.Erp.Web.Utils; using:WebVella.Erp.Exceptions; addTagHelper,9,2019-10-08,Page-builder component Razor view,Low (CC~1)
Plugin: Project,WebVella.Erp.Plugins.Project/Components/PcFeedList/Help.cshtml,Razor (.cshtml),(markup/partial),4,2019-01-23,Page-builder component Razor view,Low (CC~1)
Plugin: Project,WebVella.Erp.Plugins.Project/Components/PcFeedList/Options.cshtml,Razor (.cshtml),using:WebVella.Erp.Web.Utils; using:WebVella.Erp.Web; using:WebVella.Erp.Web.Models; addTagHelper,17,2019-10-08,Page-builder component Razor view,Low (CC~1)
Plugin: Project,WebVella.Erp.Plugins.Project/Components/PcFeedList/PcFeedList.cs,C#,WebVella.Erp.Api; WebVella.Erp.Api.Models; WebVella.Erp.Eql; WebVella.Erp.Exceptions; WebVella.Erp.Plugins.Project.Utils; WebVella.Erp.Web; (+9 more),120,2019-01-29,Page-builder component implementation,High (CC~16)
Plugin: Project,WebVella.Erp.Plugins.Project/Components/PcFeedList/service.js,JavaScript,jQuery; WebVella,5,2019-01-23,Page-builder component client-side service script,High (CC~16)
Plugin: Project,WebVella.Erp.Plugins.Project/Components/PcPostList/Design.cshtml,Razor (.cshtml),(markup/partial),4,2019-01-23,Page-builder component Razor view,Low (CC~1)
Plugin: Project,WebVella.Erp.Plugins.Project/Components/PcPostList/Display.cshtml,Razor (.cshtml),using:WebVella.Erp.Web.Utils; using:WebVella.Erp.Api.Models; using:WebVella.Erp.Web; addTagHelper,29,2019-12-31,Page-builder component Razor view,Low (CC~3)
Plugin: Project,WebVella.Erp.Plugins.Project/Components/PcPostList/Error.cshtml,Razor (.cshtml),using:WebVella.Erp.Web.Utils; using:WebVella.Erp.Exceptions; addTagHelper,9,2019-10-08,Page-builder component Razor view,Low (CC~1)
Plugin: Project,WebVella.Erp.Plugins.Project/Components/PcPostList/Help.cshtml,Razor (.cshtml),(markup/partial),4,2019-01-23,Page-builder component Razor view,Low (CC~1)
Plugin: Project,WebVella.Erp.Plugins.Project/Components/PcPostList/Options.cshtml,Razor (.cshtml),using:WebVella.Erp.Web.Utils; using:WebVella.Erp.Web; using:WebVella.Erp.Web.Models; addTagHelper,18,2019-10-08,Page-builder component Razor view,Low (CC~1)
Plugin: Project,WebVella.Erp.Plugins.Project/Components/PcPostList/PcPostList.cs,C#,WebVella.Erp.Api; WebVella.Erp.Api.Models; WebVella.Erp.Eql; WebVella.Erp.Exceptions; WebVella.Erp.Plugins.Project.Utils; WebVella.Erp.Web; (+8 more),151,2019-01-29,Page-builder component implementation,High (CC~24)
Plugin: Project,WebVella.Erp.Plugins.Project/Components/PcPostList/service.js,JavaScript,jQuery; WebVella,5,2019-01-23,Page-builder component client-side service script,High (CC~16)
Plugin: Project,WebVella.Erp.Plugins.Project/Components/PcProjectWidgetBudgetChart/Design.cshtml,Razor (.cshtml),using:WebVella.Erp.Web.Utils; using:WebVella.Erp.Api.Models; using:WebVella.Erp.Web.Models; addTagHelper,49,2019-10-08,Page-builder component Razor view,Low (CC~1)
Plugin: Project,WebVella.Erp.Plugins.Project/Components/PcProjectWidgetBudgetChart/Display.cshtml,Razor (.cshtml),using:WebVella.Erp.Web.Utils; using:WebVella.Erp.Api.Models; using:WebVella.Erp.Web.Models; addTagHelper,49,2019-10-08,Page-builder component Razor view,Low (CC~1)
Plugin: Project,WebVella.Erp.Plugins.Project/Components/PcProjectWidgetBudgetChart/Error.cshtml,Razor (.cshtml),using:WebVella.Erp.Web.Utils; using:WebVella.Erp.Exceptions; addTagHelper,9,2019-10-08,Page-builder component Razor view,Low (CC~1)
Plugin: Project,WebVella.Erp.Plugins.Project/Components/PcProjectWidgetBudgetChart/Help.cshtml,Razor (.cshtml),(markup/partial),4,2019-01-27,Page-builder component Razor view,Low (CC~1)
Plugin: Project,WebVella.Erp.Plugins.Project/Components/PcProjectWidgetBudgetChart/Options.cshtml,Razor (.cshtml),using:WebVella.Erp.Web.Utils; using:WebVella.Erp.Web; using:WebVella.Erp.Web.Models; addTagHelper,16,2019-10-08,Page-builder component Razor view,Low (CC~1)
Plugin: Project,WebVella.Erp.Plugins.Project/Components/PcProjectWidgetBudgetChart/PcProjectWidgetBudgetChart.cs,C#,WebVella.Erp.Api.Models; WebVella.Erp.Exceptions; WebVella.Erp.Plugins.Project.Model; WebVella.Erp.Plugins.Project.Services; WebVella.Erp.Web; WebVella.Erp.Web.Models; (+6 more),165,2019-10-08,Page-builder component implementation,High (CC~25)
Plugin: Project,WebVella.Erp.Plugins.Project/Components/PcProjectWidgetBudgetChart/service.js,JavaScript,jQuery; WebVella,10,2019-01-27,Page-builder component client-side service script,High (CC~16)
Plugin: Project,WebVella.Erp.Plugins.Project/Components/PcProjectWidgetTaskDistribution/Design.cshtml,Razor (.cshtml),using:WebVella.Erp.Web.Utils; using:WebVella.Erp.Api.Models; using:WebVella.Erp.Web.Models; addTagHelper,51,2019-10-08,Page-builder component Razor view,Low (CC~5)
Plugin: Project,WebVella.Erp.Plugins.Project/Components/PcProjectWidgetTaskDistribution/Display.cshtml,Razor (.cshtml),using:WebVella.Erp.Web.Utils; using:WebVella.Erp.Api.Models; using:WebVella.Erp.Web.Models; addTagHelper,51,2019-10-08,Page-builder component Razor view,Low (CC~5)
Plugin: Project,WebVella.Erp.Plugins.Project/Components/PcProjectWidgetTaskDistribution/Error.cshtml,Razor (.cshtml),using:WebVella.Erp.Web.Utils; using:WebVella.Erp.Exceptions; addTagHelper,9,2019-10-08,Page-builder component Razor view,Low (CC~1)
Plugin: Project,WebVella.Erp.Plugins.Project/Components/PcProjectWidgetTaskDistribution/Help.cshtml,Razor (.cshtml),(markup/partial),4,2019-01-23,Page-builder component Razor view,Low (CC~1)
Plugin: Project,WebVella.Erp.Plugins.Project/Components/PcProjectWidgetTaskDistribution/Options.cshtml,Razor (.cshtml),using:WebVella.Erp.Web.Utils; using:WebVella.Erp.Web; using:WebVella.Erp.Web.Models; addTagHelper,16,2019-10-08,Page-builder component Razor view,Low (CC~1)
Plugin: Project,WebVella.Erp.Plugins.Project/Components/PcProjectWidgetTaskDistribution/PcProjectWidgetTaskDistribution.cs,C#,WebVella.Erp.Api.Models; WebVella.Erp.Exceptions; WebVella.Erp.Plugins.Project.Services; WebVella.Erp.Web; WebVella.Erp.Web.Models; WebVella.Erp.Web.Services; (+5 more),165,2019-12-31,Page-builder component implementation,Split (CC~32)
Plugin: Project,WebVella.Erp.Plugins.Project/Components/PcProjectWidgetTaskDistribution/service.js,JavaScript,jQuery; WebVella,10,2019-01-23,Page-builder component client-side service script,High (CC~16)
Plugin: Project,WebVella.Erp.Plugins.Project/Components/PcProjectWidgetTasksChart/Design.cshtml,Razor (.cshtml),using:WebVella.Erp.Web.Utils; using:WebVella.Erp.Api.Models; using:WebVella.Erp.Web.Models; addTagHelper,38,2019-10-08,Page-builder component Razor view,Low (CC~1)
Plugin: Project,WebVella.Erp.Plugins.Project/Components/PcProjectWidgetTasksChart/Display.cshtml,Razor (.cshtml),using:WebVella.Erp.Web.Utils; using:WebVella.Erp.Api.Models; using:WebVella.Erp.Web.Models; addTagHelper,38,2019-10-08,Page-builder component Razor view,Low (CC~1)
Plugin: Project,WebVella.Erp.Plugins.Project/Components/PcProjectWidgetTasksChart/Error.cshtml,Razor (.cshtml),using:WebVella.Erp.Web.Utils; using:WebVella.Erp.Exceptions; addTagHelper,9,2019-10-08,Page-builder component Razor view,Low (CC~1)
Plugin: Project,WebVella.Erp.Plugins.Project/Components/PcProjectWidgetTasksChart/Help.cshtml,Razor (.cshtml),(markup/partial),4,2019-01-27,Page-builder component Razor view,Low (CC~1)
Plugin: Project,WebVella.Erp.Plugins.Project/Components/PcProjectWidgetTasksChart/Options.cshtml,Razor (.cshtml),using:WebVella.Erp.Web.Utils; using:WebVella.Erp.Web; using:WebVella.Erp.Web.Models; addTagHelper,19,2019-10-08,Page-builder component Razor view,Low (CC~1)
Plugin: Project,WebVella.Erp.Plugins.Project/Components/PcProjectWidgetTasksChart/PcProjectWidgetTasksChart.cs,C#,WebVella.Erp.Api.Models; WebVella.Erp.Exceptions; WebVella.Erp.Plugins.Project.Model; WebVella.Erp.Plugins.Project.Services; WebVella.Erp.Web; WebVella.Erp.Web.Models; (+6 more),131,2019-10-08,Page-builder component implementation,High (CC~24)
Plugin: Project,WebVella.Erp.Plugins.Project/Components/PcProjectWidgetTasksChart/service.js,JavaScript,jQuery; WebVella,10,2019-01-27,Page-builder component client-side service script,High (CC~16)
Plugin: Project,WebVella.Erp.Plugins.Project/Components/PcProjectWidgetTasksPriorityChart/Design.cshtml,Razor (.cshtml),using:WebVella.Erp.Web.Utils; using:WebVella.Erp.Api.Models; using:WebVella.Erp.Web.Models; addTagHelper,62,2019-10-08,Page-builder component Razor view,Low (CC~7)
Plugin: Project,WebVella.Erp.Plugins.Project/Components/PcProjectWidgetTasksPriorityChart/Display.cshtml,Razor (.cshtml),using:WebVella.Erp.Web.Utils; using:WebVella.Erp.Api.Models; using:WebVella.Erp.Web.Models; addTagHelper,62,2019-10-08,Page-builder component Razor view,Low (CC~7)
Plugin: Project,WebVella.Erp.Plugins.Project/Components/PcProjectWidgetTasksPriorityChart/Error.cshtml,Razor (.cshtml),using:WebVella.Erp.Web.Utils; using:WebVella.Erp.Exceptions; addTagHelper,9,2019-10-08,Page-builder component Razor view,Low (CC~1)
Plugin: Project,WebVella.Erp.Plugins.Project/Components/PcProjectWidgetTasksPriorityChart/Help.cshtml,Razor (.cshtml),(markup/partial),4,2019-01-27,Page-builder component Razor view,Low (CC~1)
Plugin: Project,WebVella.Erp.Plugins.Project/Components/PcProjectWidgetTasksPriorityChart/Options.cshtml,Razor (.cshtml),using:WebVella.Erp.Web.Utils; using:WebVella.Erp.Web; using:WebVella.Erp.Web.Models; addTagHelper,19,2019-10-08,Page-builder component Razor view,Low (CC~1)
Plugin: Project,WebVella.Erp.Plugins.Project/Components/PcProjectWidgetTasksPriorityChart/PcProjectWidgetTasksPriorityChart.cs,C#,WebVella.Erp.Api; WebVella.Erp.Api.Models; WebVella.Erp.Exceptions; WebVella.Erp.Plugins.Project.Model; WebVella.Erp.Plugins.Project.Services; WebVella.Erp.Web; (+8 more),141,2019-10-08,Page-builder component implementation,High (CC~21)
Plugin: Project,WebVella.Erp.Plugins.Project/Components/PcProjectWidgetTasksPriorityChart/service.js,JavaScript,jQuery; WebVella,10,2019-01-27,Page-builder component client-side service script,High (CC~16)
Plugin: Project,WebVella.Erp.Plugins.Project/Components/PcProjectWidgetTasksQueue/Design.cshtml,Razor (.cshtml),using:WebVella.Erp.Web.Utils; using:WebVella.Erp.Api.Models; using:WebVella.Erp.Web.Models; addTagHelper,78,2019-10-08,Page-builder component Razor view,Watch (CC~13)
Plugin: Project,WebVella.Erp.Plugins.Project/Components/PcProjectWidgetTasksQueue/Display.cshtml,Razor (.cshtml),using:WebVella.Erp.Web.Utils; using:WebVella.Erp.Api.Models; using:WebVella.Erp.Web.Models; addTagHelper,76,2019-10-08,Page-builder component Razor view,Watch (CC~13)
Plugin: Project,WebVella.Erp.Plugins.Project/Components/PcProjectWidgetTasksQueue/Error.cshtml,Razor (.cshtml),using:WebVella.Erp.Web.Utils; using:WebVella.Erp.Exceptions; addTagHelper,9,2019-10-08,Page-builder component Razor view,Low (CC~1)
Plugin: Project,WebVella.Erp.Plugins.Project/Components/PcProjectWidgetTasksQueue/Help.cshtml,Razor (.cshtml),(markup/partial),4,2019-01-27,Page-builder component Razor view,Low (CC~1)
Plugin: Project,WebVella.Erp.Plugins.Project/Components/PcProjectWidgetTasksQueue/Options.cshtml,Razor (.cshtml),using:WebVella.Erp.Web.Utils; using:WebVella.Erp.Web; using:WebVella.Erp.Api.Models; addTagHelper,23,2019-10-08,Page-builder component Razor view,Low (CC~1)
Plugin: Project,WebVella.Erp.Plugins.Project/Components/PcProjectWidgetTasksQueue/PcProjectWidgetTasksQueue.cs,C#,WebVella.Erp.Api.Models; WebVella.Erp.Exceptions; WebVella.Erp.Plugins.Project.Model; WebVella.Erp.Plugins.Project.Services; WebVella.Erp.Web; WebVella.Erp.Web.Models; (+7 more),134,2019-12-31,Page-builder component implementation,High (CC~23)
Plugin: Project,WebVella.Erp.Plugins.Project/Components/PcProjectWidgetTasksQueue/service.js,JavaScript,jQuery; WebVella,10,2019-01-27,Page-builder component client-side service script,High (CC~16)
Plugin: Project,WebVella.Erp.Plugins.Project/Components/PcProjectWidgetTimesheet/Design.cshtml,Razor (.cshtml),using:WebVella.Erp.Web.Utils; using:WebVella.Erp.Api.Models; using:WebVella.Erp.Web.Models; addTagHelper,45,2019-10-08,Page-builder component Razor view,Watch (CC~11)
Plugin: Project,WebVella.Erp.Plugins.Project/Components/PcProjectWidgetTimesheet/Display.cshtml,Razor (.cshtml),using:WebVella.Erp.Web.Utils; using:WebVella.Erp.Api.Models; using:WebVella.Erp.Web.Models; addTagHelper,45,2019-10-08,Page-builder component Razor view,Watch (CC~11)
Plugin: Project,WebVella.Erp.Plugins.Project/Components/PcProjectWidgetTimesheet/Error.cshtml,Razor (.cshtml),using:WebVella.Erp.Web.Utils; using:WebVella.Erp.Exceptions; addTagHelper,9,2019-10-08,Page-builder component Razor view,Low (CC~1)
Plugin: Project,WebVella.Erp.Plugins.Project/Components/PcProjectWidgetTimesheet/Help.cshtml,Razor (.cshtml),(markup/partial),4,2019-01-23,Page-builder component Razor view,Low (CC~1)
Plugin: Project,WebVella.Erp.Plugins.Project/Components/PcProjectWidgetTimesheet/Options.cshtml,Razor (.cshtml),using:WebVella.Erp.Web.Utils; using:WebVella.Erp.Web; using:WebVella.Erp.Web.Models; addTagHelper,19,2019-10-08,Page-builder component Razor view,Low (CC~1)
Plugin: Project,WebVella.Erp.Plugins.Project/Components/PcProjectWidgetTimesheet/PcProjectWidgetTimesheet.cs,C#,WebVella.Erp.Api.Models; WebVella.Erp.Exceptions; WebVella.Erp.Plugins.Project.Services; WebVella.Erp.Web; WebVella.Erp.Web.Models; WebVella.Erp.Web.Services; (+6 more),213,2019-12-31,Page-builder component implementation,Split (CC~33)
Plugin: Project,WebVella.Erp.Plugins.Project/Components/PcProjectWidgetTimesheet/service.js,JavaScript,jQuery; WebVella,10,2019-01-23,Page-builder component client-side service script,High (CC~16)
Plugin: Project,WebVella.Erp.Plugins.Project/Components/PcReportAccountMonthlyTimelogs/Design.cshtml,Razor (.cshtml),(markup/partial),15,2019-01-23,Page-builder component Razor view,Low (CC~2)
Plugin: Project,WebVella.Erp.Plugins.Project/Components/PcReportAccountMonthlyTimelogs/Display.cshtml,Razor (.cshtml),(markup/partial),57,2022-01-27,Page-builder component Razor view,Low (CC~6)
Plugin: Project,WebVella.Erp.Plugins.Project/Components/PcReportAccountMonthlyTimelogs/Error.cshtml,Razor (.cshtml),using:WebVella.Erp.Web.Utils; using:WebVella.Erp.Exceptions; addTagHelper,9,2019-10-08,Page-builder component Razor view,Low (CC~1)
Plugin: Project,WebVella.Erp.Plugins.Project/Components/PcReportAccountMonthlyTimelogs/Help.cshtml,Razor (.cshtml),(markup/partial),4,2019-01-23,Page-builder component Razor view,Low (CC~1)
Plugin: Project,WebVella.Erp.Plugins.Project/Components/PcReportAccountMonthlyTimelogs/Options.cshtml,Razor (.cshtml),using:WebVella.Erp.Web.Utils; using:WebVella.Erp.Web; using:WebVella.Erp.Web.Models; addTagHelper,23,2019-10-08,Page-builder component Razor view,Low (CC~1)
Plugin: Project,WebVella.Erp.Plugins.Project/Components/PcReportAccountMonthlyTimelogs/PcReportAccountMonthlyTimelogs.cs,C#,WebVella.Erp.Api.Models; WebVella.Erp.Exceptions; WebVella.Erp.Plugins.Project.Services; WebVella.Erp.Web; WebVella.Erp.Web.Models; WebVella.Erp.Web.Services; (+5 more),144,2019-01-29,Page-builder component implementation,High (CC~22)
Plugin: Project,WebVella.Erp.Plugins.Project/Components/PcReportAccountMonthlyTimelogs/service.js,JavaScript,jQuery; WebVella,5,2019-01-23,Page-builder component client-side service script,High (CC~16)
Plugin: Project,WebVella.Erp.Plugins.Project/Components/PcTaskRepeatRecurrenceSet/Design.cshtml,Razor (.cshtml),(markup/partial),3,2019-02-05,Page-builder component Razor view,Low (CC~1)
Plugin: Project,WebVella.Erp.Plugins.Project/Components/PcTaskRepeatRecurrenceSet/Display.cshtml,Razor (.cshtml),using:WebVella.Erp.Web.Utils; addTagHelper,21,2019-12-31,Page-builder component Razor view,Low (CC~1)
Plugin: Project,WebVella.Erp.Plugins.Project/Components/PcTaskRepeatRecurrenceSet/Error.cshtml,Razor (.cshtml),using:WebVella.Erp.Web.Utils; using:WebVella.Erp.Exceptions; addTagHelper,9,2019-10-08,Page-builder component Razor view,Low (CC~1)
Plugin: Project,WebVella.Erp.Plugins.Project/Components/PcTaskRepeatRecurrenceSet/Help.cshtml,Razor (.cshtml),(markup/partial),4,2019-02-05,Page-builder component Razor view,Low (CC~1)
Plugin: Project,WebVella.Erp.Plugins.Project/Components/PcTaskRepeatRecurrenceSet/Options.cshtml,Razor (.cshtml),using:WebVella.Erp.Web.Utils; using:WebVella.Erp.Web; using:WebVella.Erp.Web.Models; addTagHelper,17,2019-10-08,Page-builder component Razor view,Low (CC~1)
Plugin: Project,WebVella.Erp.Plugins.Project/Components/PcTaskRepeatRecurrenceSet/PcTaskRepeatRecurrenceSet.cs,C#,WebVella.Erp.Api; WebVella.Erp.Api.Models; WebVella.Erp.Eql; WebVella.Erp.Exceptions; WebVella.Erp.Plugins.Project.Utils; WebVella.Erp.Recurrence; (+10 more),128,2019-02-25,Page-builder component implementation,High (CC~24)
Plugin: Project,WebVella.Erp.Plugins.Project/Components/PcTaskRepeatRecurrenceSet/service.js,JavaScript,jQuery; WebVella,5,2019-02-05,Page-builder component client-side service script,High (CC~16)
Plugin: Project,WebVella.Erp.Plugins.Project/Components/PcTimelogList/Design.cshtml,Razor (.cshtml),(markup/partial),4,2019-01-23,Page-builder component Razor view,Low (CC~1)
Plugin: Project,WebVella.Erp.Plugins.Project/Components/PcTimelogList/Display.cshtml,Razor (.cshtml),(markup/partial),7,2019-12-31,Page-builder component Razor view,Low (CC~1)
Plugin: Project,WebVella.Erp.Plugins.Project/Components/PcTimelogList/Error.cshtml,Razor (.cshtml),using:WebVella.Erp.Web.Utils; using:WebVella.Erp.Exceptions; addTagHelper,9,2019-10-08,Page-builder component Razor view,Low (CC~1)
Plugin: Project,WebVella.Erp.Plugins.Project/Components/PcTimelogList/Help.cshtml,Razor (.cshtml),(markup/partial),4,2019-01-23,Page-builder component Razor view,Low (CC~1)
Plugin: Project,WebVella.Erp.Plugins.Project/Components/PcTimelogList/Options.cshtml,Razor (.cshtml),using:WebVella.Erp.Web.Utils; using:WebVella.Erp.Web; using:WebVella.Erp.Web.Models; addTagHelper,17,2019-10-08,Page-builder component Razor view,Low (CC~1)
Plugin: Project,WebVella.Erp.Plugins.Project/Components/PcTimelogList/PcTimelogList.cs,C#,WebVella.Erp.Api; WebVella.Erp.Api.Models; WebVella.Erp.Eql; WebVella.Erp.Exceptions; WebVella.Erp.Plugins.Project.Utils; WebVella.Erp.Web; (+9 more),149,2019-01-29,Page-builder component implementation,High (CC~27)
Plugin: Project,WebVella.Erp.Plugins.Project/Components/PcTimelogList/service.js,JavaScript,jQuery; WebVella,5,2019-01-23,Page-builder component client-side service script,High (CC~16)
Plugin: Project,WebVella.Erp.Plugins.Project/Controllers/ProjectController.cs,C#,WebVella.Erp.Api; WebVella.Erp.Api.Models; WebVella.Erp.Database; WebVella.Erp.Diagnostics; WebVella.Erp.Eql; WebVella.Erp.Plugins.Project.Services; (+7 more),400,2023-11-23,MVC/Web API controller,Split (CC~68)
Plugin: Project,WebVella.Erp.Plugins.Project/Datasource/MonthSelectOptions.cs,C#,WebVella.Erp.Api; WebVella.Erp.Api.Models; WebVella.Erp.Eql; WebVella.Erp.Web.Models; System.Collections.Generic; System.Globalization; (+1 more),36,2019-02-08,Datasource provider component,Low (CC~3)
Plugin: Project,WebVella.Erp.Plugins.Project/Datasource/TrackTimeTasks.cs,C#,WebVella.Erp.Api; WebVella.Erp.Api.Models; WebVella.Erp.Eql; WebVella.Erp.Plugins.Project.Services; WebVella.Erp.Web.Models; System.Collections.Generic; (+1 more),57,2019-02-08,Datasource provider component,Watch (CC~14)
Plugin: Project,WebVella.Erp.Plugins.Project/Files/task-details.js,JavaScript,(browser script),36,2019-01-31,Client-side JavaScript,Low (CC~3)
Plugin: Project,WebVella.Erp.Plugins.Project/Files/timetrack.js,JavaScript,jQuery; moment,165,2021-10-13,Client-side JavaScript,Watch (CC~14)
Plugin: Project,WebVella.Erp.Plugins.Project/Hooks/Api/Comment.cs,C#,WebVella.Erp.Api.Models; WebVella.Erp.Hooks; WebVella.Erp.Plugins.Project.Services,19,2019-01-31,Hook / extensibility callback component,Low (CC~1)
Plugin: Project,WebVella.Erp.Plugins.Project/Hooks/Api/Task.cs,C#,WebVella.Erp.Api.Models; WebVella.Erp.Hooks; WebVella.Erp.Plugins.Project.Services,27,2019-02-08,Hook / extensibility callback component,Low (CC~1)
Plugin: Project,WebVella.Erp.Plugins.Project/Hooks/Api/Timelog.cs,C#,WebVella.Erp.Api; WebVella.Erp.Api.Models; WebVella.Erp.Eql; WebVella.Erp.Hooks; WebVella.Erp.Plugins.Project.Services; System; (+2 more),24,2019-01-25,Hook / extensibility callback component,Low (CC~1)
Plugin: Project,WebVella.Erp.Plugins.Project/Hooks/Page/PageHook.cs,C#,WebVella.Erp.Api.Models; WebVella.Erp.Eql; WebVella.Erp.Hooks; WebVella.Erp.Plugins.Project.Services; WebVella.Erp.Web.Hooks; WebVella.Erp.Web.Models; (+3 more),35,2019-01-25,Hook / extensibility callback component,Low (CC~3)
Plugin: Project,WebVella.Erp.Plugins.Project/Hooks/Page/SetTaskRecurrence.cs,C#,WebVella.Erp.Hooks; WebVella.Erp.Plugins.Project.Services; WebVella.Erp.Web.Hooks; WebVella.Erp.Web.Pages.Application,16,2019-02-25,Hook / extensibility callback component,Low (CC~1)
Plugin: Project,WebVella.Erp.Plugins.Project/Hooks/Page/_TimeTrackCreateLog.cs,C#,WebVella.Erp.Api; WebVella.Erp.Api.Models; WebVella.Erp.Database; WebVella.Erp.Eql; WebVella.Erp.Hooks; WebVella.Erp.Plugins.Project.Services; (+6 more),28,2019-01-25,Hook / extensibility callback component,Low (CC~1)
Plugin: Project,WebVella.Erp.Plugins.Project/Jobs/StartTasksOnStartDate.cs,C#,WebVella.Erp.Api; WebVella.Erp.Api.Models; WebVella.Erp.Diagnostics; WebVella.Erp.Jobs; WebVella.Erp.Plugins.Project.Services; System.Threading,31,2019-01-28,Background job / scheduled task component,Low (CC~3)
Plugin: Project,WebVella.Erp.Plugins.Project/Model/PluginSettings.cs,C#,(no using directives),9,2019-01-23,Model / DTO / data structure,Low (CC~1)
Plugin: Project,WebVella.Erp.Plugins.Project/Model/TasksQueueType.cs,C#,WebVella.Erp.Api.Models; System.Collections.Generic; System.Text,22,2019-02-01,Model / DTO / data structure,Low (CC~1)
Plugin: Project,WebVella.Erp.Plugins.Project/ProjectPlugin.20190203.cs,C#,WebVella.Erp.Api; WebVella.Erp.Api.Models; WebVella.Erp.Web.Models; System; System.Collections.Generic; System.Linq; (+1 more),10341,2019-03-02,Plugin schema patch (date-versioned migration via ProcessPatches),Split (CC~120)
Plugin: Project,WebVella.Erp.Plugins.Project/ProjectPlugin.20190205.cs,C#,WebVella.Erp.Api; WebVella.Erp.Api.Models; WebVella.Erp.Web.Models; System; System.Collections.Generic; System.Linq; (+1 more),326,2019-02-05,Plugin schema patch (date-versioned migration via ProcessPatches),Watch (CC~13)
Plugin: Project,WebVella.Erp.Plugins.Project/ProjectPlugin.20190206.cs,C#,WebVella.Erp.Api; WebVella.Erp.Api.Models; WebVella.Erp.Web.Models; System; System.Collections.Generic; System.Linq; (+1 more),127,2019-02-05,Plugin schema patch (date-versioned migration via ProcessPatches),Low (CC~4)
Plugin: Project,WebVella.Erp.Plugins.Project/ProjectPlugin.20190207.cs,C#,WebVella.Erp.Api; WebVella.Erp.Api.Models; WebVella.Erp.Web.Models; System; System.Collections.Generic; System.Linq; (+1 more),67,2019-02-05,Plugin schema patch (date-versioned migration via ProcessPatches),Low (CC~3)
Plugin: Project,WebVella.Erp.Plugins.Project/ProjectPlugin.20190208.cs,C#,WebVella.Erp.Api; WebVella.Erp.Api.Models; WebVella.Erp.Web.Models; System; System.Collections.Generic; System.Linq; (+1 more),40,2019-02-08,Plugin schema patch (date-versioned migration via ProcessPatches),Low (CC~10)
Plugin: Project,WebVella.Erp.Plugins.Project/ProjectPlugin.20190222.cs,C#,WebVella.Erp.Api; WebVella.Erp.Api.Models; WebVella.Erp.Web.Models; System; System.Collections.Generic; System.Linq; (+1 more),1266,2019-02-22,Plugin schema patch (date-versioned migration via ProcessPatches),Watch (CC~11)
Plugin: Project,WebVella.Erp.Plugins.Project/ProjectPlugin.20211012.cs,C#,WebVella.Erp.Api; WebVella.Erp.Api.Models; WebVella.Erp.Web.Models; System; System.Collections.Generic; System.Linq; (+1 more),1338,2021-10-13,Plugin schema patch (date-versioned migration via ProcessPatches),Split (CC~39)
Plugin: Project,WebVella.Erp.Plugins.Project/ProjectPlugin.20211013.cs,C#,WebVella.Erp.Api; WebVella.Erp.Api.Models; WebVella.Erp.Web.Models; System; System.Collections.Generic; System.Linq; (+1 more),48,2021-10-13,Plugin schema patch (date-versioned migration via ProcessPatches),Low (CC~3)
Plugin: Project,WebVella.Erp.Plugins.Project/ProjectPlugin._.cs,C#,WebVella.Erp.Api; WebVella.Erp.Api.Models; WebVella.Erp.Database; WebVella.Erp.Exceptions; WebVella.Erp.Plugins.Project.Model; System,217,2022-01-27,Plugin patch registry / partial (ProcessPatches aggregation),Split (CC~33)
Plugin: Project,WebVella.Erp.Plugins.Project/ProjectPlugin.cs,C#,WebVella.Erp.Api; WebVella.Erp.Jobs; WebVella.Erp.Plugins.Project.Jobs; System; System.Collections.Generic,60,2022-01-27,Plugin entry point / registration (ErpPlugin subclass),Low (CC~2)
Plugin: Project,WebVella.Erp.Plugins.Project/Services/BaseService.cs,C#,WebVella.Erp.Api; WebVella.Erp.Database; System.Collections.Generic; System.Linq; System.Threading.Tasks,17,2019-01-23,Service class (business logic / orchestration),Low (CC~1)
Plugin: Project,WebVella.Erp.Plugins.Project/Services/CommentService.cs,C#,WebVella.Erp.Api; WebVella.Erp.Api.Models; WebVella.Erp.Eql; WebVella.Erp.Exceptions; System; System.Collections.Generic; (+1 more),184,2022-01-27,Service class (business logic / orchestration),Split (CC~52)
Plugin: Project,WebVella.Erp.Plugins.Project/Services/FeedItemService.cs,C#,WebVella.Erp.Api; WebVella.Erp.Api.Models; WebVella.Erp.Exceptions; System; System.Collections.Generic; System.Linq,48,2022-01-27,Service class (business logic / orchestration),Low (CC~10)
Plugin: Project,WebVella.Erp.Plugins.Project/Services/ProjectService.cs,C#,WebVella.Erp.Api.Models; WebVella.Erp.Eql; System.Collections.Generic; System.Linq,29,2019-01-23,Service class (business logic / orchestration),Low (CC~2)
Plugin: Project,WebVella.Erp.Plugins.Project/Services/RenderService.cs,C#,WebVella.Erp.Api.Models; WebVella.Erp.Eql; WebVella.Erp.Exceptions; WebVella.Erp.Web.Models; System; System.Collections.Generic; (+1 more),28,2019-03-05,Service class (business logic / orchestration),Low (CC~2)
Plugin: Project,WebVella.Erp.Plugins.Project/Services/ReportService.cs,C#,WebVella.Erp.Api.Models; WebVella.Erp.Eql; WebVella.Erp.Exceptions; System; System.Collections.Generic; System.Linq,107,2019-06-26,Service class (business logic / orchestration),High (CC~22)
Plugin: Project,WebVella.Erp.Plugins.Project/Services/TaskService.cs,C#,WebVella.Erp.Api; WebVella.Erp.Api.Models; WebVella.Erp.Eql; WebVella.Erp.Exceptions; WebVella.Erp.Plugins.Project.Model; WebVella.Erp.Recurrence; (+7 more),492,2020-11-14,Service class (business logic / orchestration),Split (CC~132)
Plugin: Project,WebVella.Erp.Plugins.Project/Services/TimeLogService.cs,C#,WebVella.Erp.Api; WebVella.Erp.Api.Models; WebVella.Erp.Database; WebVella.Erp.Eql; WebVella.Erp.Exceptions; WebVella.Erp.Web.Models; (+5 more),311,2022-01-27,Service class (business logic / orchestration),Split (CC~67)
Plugin: Project,WebVella.Erp.Plugins.Project/Utils/EntityRecordUtils.cs,C#,WebVella.Erp.Api.Models; System.Collections.Generic; System.Linq; System.Text,38,2019-01-23,Utility / helper component,Low (CC~7)
Plugin: Project,WebVella.Erp.Plugins.Project/Utils/TimeUtils.cs,C#,System.Collections.Generic; System.Text,59,2019-01-23,Utility / helper component,Watch (CC~12)
Plugin: Project,WebVella.Erp.Plugins.Project/Utils/UrlUtils.cs,C#,System; System.Collections.Generic; System.Text,21,2019-01-25,Utility / helper component,Low (CC~2)
Plugin: Project,WebVella.Erp.Plugins.Project/WebVella.Erp.Plugins.Project.csproj,MSBuild/XML (.csproj),-> ..\WebVella.Erp.Web\WebVella.Erp.Web; -> ..\WebVella.Erp\WebVella.Erp; fwk:Microsoft.AspNetCore.App; Microsoft.AspNetCore.Mvc.NewtonsoftJson 9.0.10,53,2026-01-20,"MSBuild project file (Sdk.Razor, net9.0) for Plugin: Project",Low (CC~1)
Plugin: Project,WebVella.Erp.Plugins.Project/wwwroot/js/wv-feed-list/index.esm.js,JavaScript,(generated Stencil bundle),0,2019-12-31,Stencil-compiled web component bundle (generated/embedded asset),Low (CC~1)
Plugin: Project,WebVella.Erp.Plugins.Project/wwwroot/js/wv-feed-list/p-3b66a627.js,JavaScript,(generated Stencil bundle),5,2019-12-31,Stencil-compiled web component bundle (generated/embedded asset),Split (CC~264)
Plugin: Project,WebVella.Erp.Plugins.Project/wwwroot/js/wv-feed-list/p-50ea2036.system.js,JavaScript,(generated Stencil bundle),1,2019-12-31,Stencil-compiled web component bundle (generated/embedded asset),Low (CC~1)
Plugin: Project,WebVella.Erp.Plugins.Project/wwwroot/js/wv-feed-list/p-66jkzmn8.system.entry.js,JavaScript,(generated Stencil bundle),1,2019-12-31,Stencil-compiled web component bundle (generated/embedded asset),Split (CC~182)
Plugin: Project,WebVella.Erp.Plugins.Project/wwwroot/js/wv-feed-list/p-7ee22736.system.js,JavaScript,(generated Stencil bundle),1,2019-12-31,Stencil-compiled web component bundle (generated/embedded asset),Low (CC~1)
Plugin: Project,WebVella.Erp.Plugins.Project/wwwroot/js/wv-feed-list/p-7f10eb01.system.js,JavaScript,(generated Stencil bundle),7,2019-12-31,Stencil-compiled web component bundle (generated/embedded asset),Split (CC~264)
Plugin: Project,WebVella.Erp.Plugins.Project/wwwroot/js/wv-feed-list/p-8e75cc10.js,JavaScript,(generated Stencil bundle),1,2019-12-31,Stencil-compiled web component bundle (generated/embedded asset),Split (CC~182)
Plugin: Project,WebVella.Erp.Plugins.Project/wwwroot/js/wv-feed-list/p-a614138e.system.js,JavaScript,(generated Stencil bundle),1,2019-12-31,Stencil-compiled web component bundle (generated/embedded asset),Split (CC~33)
Plugin: Project,WebVella.Erp.Plugins.Project/wwwroot/js/wv-feed-list/p-d8631f0b.js,JavaScript,(generated Stencil bundle),1,2019-12-31,Stencil-compiled web component bundle (generated/embedded asset),High (CC~25)
Plugin: Project,WebVella.Erp.Plugins.Project/wwwroot/js/wv-feed-list/p-da98e445.system.js,JavaScript,(generated Stencil bundle),1,2019-12-31,Stencil-compiled web component bundle (generated/embedded asset),Split (CC~251)
Plugin: Project,WebVella.Erp.Plugins.Project/wwwroot/js/wv-feed-list/p-lzwqwltl.entry.js,JavaScript,(generated Stencil bundle),1,2019-12-31,Stencil-compiled web component bundle (generated/embedded asset),Split (CC~165)
Plugin: Project,WebVella.Erp.Plugins.Project/wwwroot/js/wv-feed-list/wv-feed-list.esm.js,JavaScript,(generated Stencil bundle),1,2019-12-31,Stencil-compiled web component bundle (generated/embedded asset),Low (CC~1)
Plugin: Project,WebVella.Erp.Plugins.Project/wwwroot/js/wv-feed-list/wv-feed-list.js,JavaScript,(generated Stencil bundle),368,2019-12-31,Stencil-compiled web component bundle (generated/embedded asset),Split (CC~470)
Plugin: Project,WebVella.Erp.Plugins.Project/wwwroot/js/wv-post-list/index.esm.js,JavaScript,(generated Stencil bundle),0,2019-12-31,Stencil-compiled web component bundle (generated/embedded asset),Low (CC~1)
Plugin: Project,WebVella.Erp.Plugins.Project/wwwroot/js/wv-post-list/p-3b66a627.js,JavaScript,(generated Stencil bundle),5,2019-12-31,Stencil-compiled web component bundle (generated/embedded asset),Split (CC~264)
Plugin: Project,WebVella.Erp.Plugins.Project/wwwroot/js/wv-post-list/p-50ea2036.system.js,JavaScript,(generated Stencil bundle),1,2019-12-31,Stencil-compiled web component bundle (generated/embedded asset),Low (CC~1)
Plugin: Project,WebVella.Erp.Plugins.Project/wwwroot/js/wv-post-list/p-5ugxowv3.system.entry.js,JavaScript,(generated Stencil bundle),2,2019-12-31,Stencil-compiled web component bundle (generated/embedded asset),Split (CC~1819)
Plugin: Project,WebVella.Erp.Plugins.Project/wwwroot/js/wv-post-list/p-7f10eb01.system.js,JavaScript,(generated Stencil bundle),7,2019-12-31,Stencil-compiled web component bundle (generated/embedded asset),Split (CC~264)
Plugin: Project,WebVella.Erp.Plugins.Project/wwwroot/js/wv-post-list/p-852caade.js,JavaScript,(generated Stencil bundle),1,2019-12-31,Stencil-compiled web component bundle (generated/embedded asset),Split (CC~190)
Plugin: Project,WebVella.Erp.Plugins.Project/wwwroot/js/wv-post-list/p-a614138e.system.js,JavaScript,(generated Stencil bundle),1,2019-12-31,Stencil-compiled web component bundle (generated/embedded asset),Split (CC~33)
Plugin: Project,WebVella.Erp.Plugins.Project/wwwroot/js/wv-post-list/p-ad30cd92.system.js,JavaScript,(generated Stencil bundle),1,2019-12-31,Stencil-compiled web component bundle (generated/embedded asset),Low (CC~1)
Plugin: Project,WebVella.Erp.Plugins.Project/wwwroot/js/wv-post-list/p-d8631f0b.js,JavaScript,(generated Stencil bundle),1,2019-12-31,Stencil-compiled web component bundle (generated/embedded asset),High (CC~25)
Plugin: Project,WebVella.Erp.Plugins.Project/wwwroot/js/wv-post-list/p-f8772569.system.js,JavaScript,(generated Stencil bundle),1,2019-12-31,Stencil-compiled web component bundle (generated/embedded asset),Split (CC~259)
Plugin: Project,WebVella.Erp.Plugins.Project/wwwroot/js/wv-post-list/p-fl6wzscq.entry.js,JavaScript,(generated Stencil bundle),2,2019-12-31,Stencil-compiled web component bundle (generated/embedded asset),Split (CC~1712)
Plugin: Project,WebVella.Erp.Plugins.Project/wwwroot/js/wv-post-list/wv-post-list.esm.js,JavaScript,(generated Stencil bundle),1,2019-12-31,Stencil-compiled web component bundle (generated/embedded asset),Low (CC~1)
Plugin: Project,WebVella.Erp.Plugins.Project/wwwroot/js/wv-post-list/wv-post-list.js,JavaScript,(generated Stencil bundle),368,2019-12-31,Stencil-compiled web component bundle (generated/embedded asset),Split (CC~470)
Plugin: Project,WebVella.Erp.Plugins.Project/wwwroot/js/wv-recurrence-template/index.esm.js,JavaScript,(generated Stencil bundle),0,2019-12-31,Stencil-compiled web component bundle (generated/embedded asset),Low (CC~1)
Plugin: Project,WebVella.Erp.Plugins.Project/wwwroot/js/wv-recurrence-template/p-00c55fa7.js,JavaScript,(generated Stencil bundle),1,2019-12-31,Stencil-compiled web component bundle (generated/embedded asset),Split (CC~187)
Plugin: Project,WebVella.Erp.Plugins.Project/wwwroot/js/wv-recurrence-template/p-3b66a627.js,JavaScript,(generated Stencil bundle),5,2019-12-31,Stencil-compiled web component bundle (generated/embedded asset),Split (CC~264)
Plugin: Project,WebVella.Erp.Plugins.Project/wwwroot/js/wv-recurrence-template/p-50ea2036.system.js,JavaScript,(generated Stencil bundle),1,2019-12-31,Stencil-compiled web component bundle (generated/embedded asset),Low (CC~1)
Plugin: Project,WebVella.Erp.Plugins.Project/wwwroot/js/wv-recurrence-template/p-7f10eb01.system.js,JavaScript,(generated Stencil bundle),7,2019-12-31,Stencil-compiled web component bundle (generated/embedded asset),Split (CC~264)
Plugin: Project,WebVella.Erp.Plugins.Project/wwwroot/js/wv-recurrence-template/p-98d616ee.system.js,JavaScript,(generated Stencil bundle),1,2019-12-31,Stencil-compiled web component bundle (generated/embedded asset),Low (CC~1)
Plugin: Project,WebVella.Erp.Plugins.Project/wwwroot/js/wv-recurrence-template/p-a614138e.system.js,JavaScript,(generated Stencil bundle),1,2019-12-31,Stencil-compiled web component bundle (generated/embedded asset),Split (CC~33)
Plugin: Project,WebVella.Erp.Plugins.Project/wwwroot/js/wv-recurrence-template/p-ac45fd19.system.js,JavaScript,(generated Stencil bundle),1,2019-12-31,Stencil-compiled web component bundle (generated/embedded asset),Split (CC~255)
Plugin: Project,WebVella.Erp.Plugins.Project/wwwroot/js/wv-recurrence-template/p-arqnlskd.system.entry.js,JavaScript,(generated Stencil bundle),1,2019-12-31,Stencil-compiled web component bundle (generated/embedded asset),Watch (CC~12)
Plugin: Project,WebVella.Erp.Plugins.Project/wwwroot/js/wv-recurrence-template/p-d8631f0b.js,JavaScript,(generated Stencil bundle),1,2019-12-31,Stencil-compiled web component bundle (generated/embedded asset),High (CC~25)
Plugin: Project,WebVella.Erp.Plugins.Project/wwwroot/js/wv-recurrence-template/p-udy5cavj.entry.js,JavaScript,(generated Stencil bundle),1,2019-12-31,Stencil-compiled web component bundle (generated/embedded asset),Watch (CC~11)
Plugin: Project,WebVella.Erp.Plugins.Project/wwwroot/js/wv-recurrence-template/wv-recurrence-template.esm.js,JavaScript,(generated Stencil bundle),1,2019-12-31,Stencil-compiled web component bundle (generated/embedded asset),Low (CC~1)
Plugin: Project,WebVella.Erp.Plugins.Project/wwwroot/js/wv-recurrence-template/wv-recurrence-template.js,JavaScript,(generated Stencil bundle),368,2019-12-31,Stencil-compiled web component bundle (generated/embedded asset),Split (CC~470)
Plugin: Project,WebVella.Erp.Plugins.Project/wwwroot/js/wv-timelog-list/index.esm.js,JavaScript,(generated Stencil bundle),0,2019-12-31,Stencil-compiled web component bundle (generated/embedded asset),Low (CC~1)
Plugin: Project,WebVella.Erp.Plugins.Project/wwwroot/js/wv-timelog-list/p-00014dac.system.js,JavaScript,(generated Stencil bundle),1,2019-12-31,Stencil-compiled web component bundle (generated/embedded asset),Low (CC~1)
Plugin: Project,WebVella.Erp.Plugins.Project/wwwroot/js/wv-timelog-list/p-0wj4ougw.system.entry.js,JavaScript,(generated Stencil bundle),2,2019-12-31,Stencil-compiled web component bundle (generated/embedded asset),Split (CC~1812)
Plugin: Project,WebVella.Erp.Plugins.Project/wwwroot/js/wv-timelog-list/p-3b66a627.js,JavaScript,(generated Stencil bundle),5,2019-12-31,Stencil-compiled web component bundle (generated/embedded asset),Split (CC~264)
Plugin: Project,WebVella.Erp.Plugins.Project/wwwroot/js/wv-timelog-list/p-40768f81.system.js,JavaScript,(generated Stencil bundle),1,2019-12-31,Stencil-compiled web component bundle (generated/embedded asset),Split (CC~261)
Plugin: Project,WebVella.Erp.Plugins.Project/wwwroot/js/wv-timelog-list/p-50ea2036.system.js,JavaScript,(generated Stencil bundle),1,2019-12-31,Stencil-compiled web component bundle (generated/embedded asset),Low (CC~1)
Plugin: Project,WebVella.Erp.Plugins.Project/wwwroot/js/wv-timelog-list/p-7f10eb01.system.js,JavaScript,(generated Stencil bundle),7,2019-12-31,Stencil-compiled web component bundle (generated/embedded asset),Split (CC~264)
Plugin: Project,WebVella.Erp.Plugins.Project/wwwroot/js/wv-timelog-list/p-a614138e.system.js,JavaScript,(generated Stencil bundle),1,2019-12-31,Stencil-compiled web component bundle (generated/embedded asset),Split (CC~33)
Plugin: Project,WebVella.Erp.Plugins.Project/wwwroot/js/wv-timelog-list/p-d8631f0b.js,JavaScript,(generated Stencil bundle),1,2019-12-31,Stencil-compiled web component bundle (generated/embedded asset),High (CC~25)
Plugin: Project,WebVella.Erp.Plugins.Project/wwwroot/js/wv-timelog-list/p-f00b9929.js,JavaScript,(generated Stencil bundle),1,2019-12-31,Stencil-compiled web component bundle (generated/embedded asset),Split (CC~192)
Plugin: Project,WebVella.Erp.Plugins.Project/wwwroot/js/wv-timelog-list/p-kqlrldvr.entry.js,JavaScript,(generated Stencil bundle),2,2019-12-31,Stencil-compiled web component bundle (generated/embedded asset),Split (CC~1705)
Plugin: Project,WebVella.Erp.Plugins.Project/wwwroot/js/wv-timelog-list/wv-timelog-list.esm.js,JavaScript,(generated Stencil bundle),1,2019-12-31,Stencil-compiled web component bundle (generated/embedded asset),Low (CC~1)
Plugin: Project,WebVella.Erp.Plugins.Project/wwwroot/js/wv-timelog-list/wv-timelog-list.js,JavaScript,(generated Stencil bundle),368,2019-12-31,Stencil-compiled web component bundle (generated/embedded asset),Split (CC~470)
Plugin: SDK,WebVella.Erp.Plugins.SDK/Components/BodyTopIncludes/BodyTopIncludes.cs,C#,WebVella.Erp.Web.Hooks; WebVella.Erp.Web.Models; WebVella.Erp.Web.Services; System; System.Collections.Generic; System.Linq; (+1 more),31,2019-12-31,Page-builder component implementation,Low (CC~3)
Plugin: SDK,WebVella.Erp.Plugins.SDK/Components/BodyTopIncludes/Sdk_Default.cshtml,Razor (.cshtml),using:WebVella.Erp.Web.Models; using:WebVella.Erp.Web.Utils,10,2019-01-22,Page-builder component Razor view,Low (CC~3)
Plugin: SDK,WebVella.Erp.Plugins.SDK/Components/WvSdkPageSitemap/Display.cshtml,Razor (.cshtml),using:WebVella.Erp.Api.Models; using:WebVella.Erp.Web.Models; using:WebVella.Erp.Web.Utils; addTagHelper,61,2019-10-08,Page-builder component Razor view,Watch (CC~14)
Plugin: SDK,WebVella.Erp.Plugins.SDK/Components/WvSdkPageSitemap/Error.cshtml,Razor (.cshtml),(markup/partial),1,2019-01-22,Page-builder component Razor view,Low (CC~1)
Plugin: SDK,WebVella.Erp.Plugins.SDK/Components/WvSdkPageSitemap/Form.cshtml,Razor (.cshtml),using:WebVella.Erp.Api.Models; using:WebVella.Erp.Web.Models; using:WebVella.Erp.Web.Utils; addTagHelper,92,2022-01-27,Page-builder component Razor view,Watch (CC~13)
Plugin: SDK,WebVella.Erp.Plugins.SDK/Components/WvSdkPageSitemap/WvSdkPageSitemap.cs,C#,WebVella.Erp.Api; WebVella.Erp.Api.Models; WebVella.Erp.Plugins.SDK.Model; WebVella.Erp.Web.Models; WebVella.Erp.Web.Services; WebVella.Erp.Web.Utils; (+6 more),208,2025-01-14,Page-builder component implementation,High (CC~27)
Plugin: SDK,WebVella.Erp.Plugins.SDK/Components/WvSdkPageSitemap/form.js,JavaScript,jQuery,226,2019-10-10,Tag-helper / component client-side script,Split (CC~53)
Plugin: SDK,WebVella.Erp.Plugins.SDK/Controllers/AdminController.cs,C#,WebVella.Erp.Api; WebVella.Erp.Api.Models; WebVella.Erp.Plugins.SDK.Model; WebVella.Erp.Web.Models; WebVella.Erp.Web.Services; WebVella.Erp.Web.Utils; (+5 more),449,2022-01-27,MVC/Web API controller,Split (CC~71)
Plugin: SDK,WebVella.Erp.Plugins.SDK/DataSource/SampleCodeDataSource.cs,C#,(no using directives),1,2019-01-22,Datasource provider component,Watch (CC~11)
Plugin: SDK,WebVella.Erp.Plugins.SDK/Jobs/ClearJobAndErrorLogsJob.cs,C#,WebVella.Erp.Api; WebVella.Erp.Diagnostics; WebVella.Erp.Jobs; WebVella.Erp.Plugins.SDK.Services,26,2019-12-11,Background job / scheduled task component,Low (CC~2)
Plugin: SDK,WebVella.Erp.Plugins.SDK/Jobs/SampleJob.cs,C#,WebVella.Erp.Diagnostics; WebVella.Erp.Jobs,17,2019-01-22,Background job / scheduled task component,Low (CC~1)
Plugin: SDK,WebVella.Erp.Plugins.SDK/Model/AppSelectionTree.cs,C#,WebVella.Erp.Api.Models; System; System.Collections.Generic; System.Text,19,2019-01-22,Model / DTO / data structure,Low (CC~1)
Plugin: SDK,WebVella.Erp.Plugins.SDK/Model/AreaSelectionTree.cs,C#,WebVella.Erp.Api.Models; System; System.Collections.Generic; System.Text,15,2019-01-22,Model / DTO / data structure,Low (CC~1)
Plugin: SDK,WebVella.Erp.Plugins.SDK/Model/PageSelectionTree.cs,C#,WebVella.Erp.Api.Models; System; System.Collections.Generic; System.Text,19,2019-01-22,Model / DTO / data structure,Low (CC~1)
Plugin: SDK,WebVella.Erp.Plugins.SDK/Model/PluginSettings.cs,C#,WebVella.Erp.Web.Models; System; System.Collections.Generic; System.Text,13,2019-01-22,Model / DTO / data structure,Low (CC~1)
Plugin: SDK,WebVella.Erp.Plugins.SDK/Model/SitemapNodeSubmit.cs,C#,WebVella.Erp.Web.Models; System; System.Collections.Generic; System.Text,13,2019-03-02,Model / DTO / data structure,Low (CC~1)
Plugin: SDK,WebVella.Erp.Plugins.SDK/Pages/Shared/RenderModelNode.cshtml,Razor (.cshtml),using:Newtonsoft.Json,45,2019-01-22,Razor Page view,Low (CC~10)
Plugin: SDK,WebVella.Erp.Plugins.SDK/Pages/_ViewImports.cshtml,Razor (.cshtml),using:WebVella.Erp.Web; using:WebVella.Erp.Web.Components; using:WebVella.Erp.Web.Services; addTagHelper,10,2019-10-08,Razor view imports (usings/tag-helper registration),Low (CC~1)
Plugin: SDK,WebVella.Erp.Plugins.SDK/Pages/application/create.cshtml,Razor (.cshtml),@page; model:WebVella.Erp.Plugins.SDK.Pages.Application.CreateModel; using:WebVella.Erp.Web.Utils,55,2019-10-08,Razor Page view,Low (CC~3)
Plugin: SDK,WebVella.Erp.Plugins.SDK/Pages/application/create.cshtml.cs,C#,WebVella.Erp.Api; WebVella.Erp.Api.Models; WebVella.Erp.Exceptions; WebVella.Erp.Web; WebVella.Erp.Web.Models; WebVella.Erp.Web.Services; (+3 more),89,2019-10-08,Razor Page model (code-behind / page handler),Low (CC~6)
Plugin: SDK,WebVella.Erp.Plugins.SDK/Pages/application/details.cshtml,Razor (.cshtml),@page; model:WebVella.Erp.Plugins.SDK.Pages.Application.DetailsModel; using:System.Web; using:WebVella.Erp.Web.Utils,63,2019-10-08,Razor Page view,Low (CC~3)
Plugin: SDK,WebVella.Erp.Plugins.SDK/Pages/application/details.cshtml.cs,C#,WebVella.Erp.Api; WebVella.Erp.Api.Models; WebVella.Erp.Exceptions; WebVella.Erp.Plugins.SDK.Utils; WebVella.Erp.Web; WebVella.Erp.Web.Models; (+5 more),107,2019-03-12,Razor Page model (code-behind / page handler),Watch (CC~13)
Plugin: SDK,WebVella.Erp.Plugins.SDK/Pages/application/list.cshtml,Razor (.cshtml),@page; model:WebVella.Erp.Plugins.SDK.Pages.Application.ListModel,50,2019-02-28,Razor Page view,Low (CC~5)
Plugin: SDK,WebVella.Erp.Plugins.SDK/Pages/application/list.cshtml.cs,C#,WebVella.Erp.Api.Models; WebVella.Erp.Web; WebVella.Erp.Web.Models; WebVella.Erp.Web.Services; WebVella.Erp.Web.Utils; WebVella.TagHelpers.Models; (+5 more),140,2019-10-08,Razor Page model (code-behind / page handler),Watch (CC~12)
Plugin: SDK,WebVella.Erp.Plugins.SDK/Pages/application/manage.cshtml,Razor (.cshtml),@page; model:WebVella.Erp.Plugins.SDK.Pages.Application.ManageModel; using:WebVella.Erp.Web.Utils,61,2019-10-08,Razor Page view,Low (CC~5)
Plugin: SDK,WebVella.Erp.Plugins.SDK/Pages/application/manage.cshtml.cs,C#,WebVella.Erp.Api; WebVella.Erp.Api.Models; WebVella.Erp.Exceptions; WebVella.Erp.Plugins.SDK.Utils; WebVella.Erp.Web; WebVella.Erp.Web.Models; (+5 more),125,2019-10-08,Razor Page model (code-behind / page handler),Watch (CC~14)
Plugin: SDK,WebVella.Erp.Plugins.SDK/Pages/application/pages.cshtml,Razor (.cshtml),@page; model:WebVella.Erp.Plugins.SDK.Pages.Application.PagesModel,45,2019-02-28,Razor Page view,Low (CC~9)
Plugin: SDK,WebVella.Erp.Plugins.SDK/Pages/application/pages.cshtml.cs,C#,WebVella.Erp.Api.Models; WebVella.Erp.Api.Models.AutoMapper; WebVella.Erp.Plugins.SDK.Utils; WebVella.Erp.Web; WebVella.Erp.Web.Models; WebVella.Erp.Web.Services; (+5 more),73,2019-10-08,Razor Page model (code-behind / page handler),Low (CC~5)
Plugin: SDK,WebVella.Erp.Plugins.SDK/Pages/application/sitemap.cshtml,Razor (.cshtml),@page; model:WebVella.Erp.Plugins.SDK.Pages.Application.SitemapModel; using:Newtonsoft.Json,69,2019-12-31,Razor Page view,Low (CC~3)
Plugin: SDK,WebVella.Erp.Plugins.SDK/Pages/application/sitemap.cshtml.cs,C#,WebVella.Erp.Api.Models; WebVella.Erp.Plugins.SDK.Utils; WebVella.Erp.Web; WebVella.Erp.Web.Models; WebVella.Erp.Web.Services; WebVella.Erp.Web.Utils; (+4 more),51,2019-03-12,Razor Page model (code-behind / page handler),Low (CC~5)
Plugin: SDK,WebVella.Erp.Plugins.SDK/Pages/data_source/create.cshtml,Razor (.cshtml),@page; model:WebVella.Erp.Plugins.SDK.Pages.ErpDataSource.CreateModel; using:WebVella.Erp.Web.Utils,197,2024-06-11,Razor Page view,Low (CC~8)
Plugin: SDK,WebVella.Erp.Plugins.SDK/Pages/data_source/create.cshtml.cs,C#,WebVella.Erp.Api; WebVella.Erp.Eql; WebVella.Erp.Exceptions; WebVella.Erp.Web; WebVella.Erp.Web.Models; WebVella.Erp.Web.Utils; (+2 more),84,2024-06-11,Razor Page model (code-behind / page handler),Low (CC~8)
Plugin: SDK,WebVella.Erp.Plugins.SDK/Pages/data_source/details.cshtml,Razor (.cshtml),@page; model:WebVella.Erp.Plugins.SDK.Pages.ErpDataSource.DetailsModel,219,2024-06-11,Razor Page view,High (CC~17)
Plugin: SDK,WebVella.Erp.Plugins.SDK/Pages/data_source/details.cshtml.cs,C#,WebVella.Erp.Api; WebVella.Erp.Api.Models; WebVella.Erp.Api.Models.AutoMapper; WebVella.Erp.Eql; WebVella.Erp.Exceptions; WebVella.Erp.Plugins.SDK.Utils; (+10 more),122,2019-10-08,Razor Page model (code-behind / page handler),High (CC~17)
Plugin: SDK,WebVella.Erp.Plugins.SDK/Pages/data_source/list.cshtml,Razor (.cshtml),@page; model:WebVella.Erp.Plugins.SDK.Pages.ErpDataSource.ListModel,61,2019-02-28,Razor Page view,Low (CC~7)
Plugin: SDK,WebVella.Erp.Plugins.SDK/Pages/data_source/list.cshtml.cs,C#,WebVella.Erp.Api; WebVella.Erp.Api.Models; WebVella.Erp.Web; WebVella.Erp.Web.Models; WebVella.Erp.Web.Utils; WebVella.TagHelpers.Models; (+5 more),186,2019-10-08,Razor Page model (code-behind / page handler),High (CC~17)
Plugin: SDK,WebVella.Erp.Plugins.SDK/Pages/data_source/manage.cshtml,Razor (.cshtml),@page; model:WebVella.Erp.Plugins.SDK.Pages.ErpDataSource.ManageModel; using:WebVella.Erp.Web.Utils,169,2024-06-11,Razor Page view,Low (CC~8)
Plugin: SDK,WebVella.Erp.Plugins.SDK/Pages/data_source/manage.cshtml.cs,C#,WebVella.Erp.Api; WebVella.Erp.Api.Models; WebVella.Erp.Eql; WebVella.Erp.Exceptions; WebVella.Erp.Web; WebVella.Erp.Web.Models; (+3 more),109,2024-06-11,Razor Page model (code-behind / page handler),Watch (CC~15)
Plugin: SDK,WebVella.Erp.Plugins.SDK/Pages/entity/clone.cshtml,Razor (.cshtml),@page; model:WebVella.Erp.Plugins.SDK.Pages.ErpEntity.CloneModel; using:WebVella.Erp.Web.Utils,55,2019-12-10,Razor Page view,Low (CC~3)
Plugin: SDK,WebVella.Erp.Plugins.SDK/Pages/entity/clone.cshtml.cs,C#,WebVella.Erp.Api; WebVella.Erp.Api.Models; WebVella.Erp.Api.Models.AutoMapper; WebVella.Erp.Exceptions; WebVella.Erp.Plugins.SDK.Utils; WebVella.Erp.Web; (+5 more),207,2020-02-28,Razor Page model (code-behind / page handler),High (CC~26)
Plugin: SDK,WebVella.Erp.Plugins.SDK/Pages/entity/create-field-select.cshtml,Razor (.cshtml),@page; model:WebVella.Erp.Plugins.SDK.Pages.ErpEntity.CreateFieldSelectModel,31,2019-02-28,Razor Page view,Low (CC~7)
Plugin: SDK,WebVella.Erp.Plugins.SDK/Pages/entity/create-field-select.cshtml.cs,C#,WebVella.Erp.Api; WebVella.Erp.Api.Models; WebVella.Erp.Plugins.SDK.Utils; WebVella.Erp.Web; WebVella.Erp.Web.Models; System; (+1 more),42,2019-03-12,Razor Page model (code-behind / page handler),Low (CC~4)
Plugin: SDK,WebVella.Erp.Plugins.SDK/Pages/entity/create-field.cshtml,Razor (.cshtml),@page; model:WebVella.Erp.Plugins.SDK.Pages.ErpEntity.CreateFieldModel; using:WebVella.Erp.Web.Utils,342,2020-11-14,Razor Page view,High (CC~30)
Plugin: SDK,WebVella.Erp.Plugins.SDK/Pages/entity/create-field.cshtml.cs,C#,WebVella.Erp.Api; WebVella.Erp.Api.Models; WebVella.Erp.Api.Models.AutoMapper; WebVella.Erp.Database; WebVella.Erp.Exceptions; WebVella.Erp.Plugins.SDK.Utils; (+9 more),882,2020-11-14,Razor Page model (code-behind / page handler),High (CC~29)
Plugin: SDK,WebVella.Erp.Plugins.SDK/Pages/entity/create.cshtml,Razor (.cshtml),@page; model:WebVella.Erp.Plugins.SDK.Pages.ErpEntity.CreateModel; using:WebVella.Erp.Web.Utils,55,2019-11-06,Razor Page view,Low (CC~3)
Plugin: SDK,WebVella.Erp.Plugins.SDK/Pages/entity/create.cshtml.cs,C#,WebVella.Erp.Api; WebVella.Erp.Api.Models; WebVella.Erp.Api.Models.AutoMapper; WebVella.Erp.Web; WebVella.Erp.Web.Models; WebVella.Erp.Web.Utils; (+6 more),163,2019-03-12,Razor Page model (code-behind / page handler),High (CC~20)
Plugin: SDK,WebVella.Erp.Plugins.SDK/Pages/entity/data-create.cshtml,Razor (.cshtml),@page; model:WebVella.Erp.Plugins.SDK.Pages.ErpEntity.DataCreateModel; using:WebVella.Erp.Web.Utils,285,2020-11-14,Razor Page view,High (CC~28)
Plugin: SDK,WebVella.Erp.Plugins.SDK/Pages/entity/data-create.cshtml.cs,C#,WebVella.Erp.Api; WebVella.Erp.Api.Models; WebVella.Erp.Api.Models.AutoMapper; WebVella.Erp.Exceptions; WebVella.Erp.Plugins.SDK.Utils; WebVella.Erp.Web; (+7 more),130,2019-10-08,Razor Page model (code-behind / page handler),High (CC~23)
Plugin: SDK,WebVella.Erp.Plugins.SDK/Pages/entity/data-manage.cshtml,Razor (.cshtml),@page; model:WebVella.Erp.Plugins.SDK.Pages.ErpEntity.DataManageModel; using:WebVella.Erp.Web.Utils,313,2020-11-14,Razor Page view,Split (CC~31)
Plugin: SDK,WebVella.Erp.Plugins.SDK/Pages/entity/data-manage.cshtml.cs,C#,WebVella.Erp.Api; WebVella.Erp.Api.Models; WebVella.Erp.Api.Models.AutoMapper; WebVella.Erp.Exceptions; WebVella.Erp.Plugins.SDK.Utils; WebVella.Erp.Web; (+7 more),137,2019-10-08,Razor Page model (code-behind / page handler),High (CC~24)
Plugin: SDK,WebVella.Erp.Plugins.SDK/Pages/entity/data.cshtml,Razor (.cshtml),@page; model:WebVella.Erp.Plugins.SDK.Pages.ErpEntity.EntityDataModel; using:WebVella.Erp.Api.Models; using:WebVella.Erp.Web.Utils,393,2020-11-14,Razor Page view,Split (CC~52)
Plugin: SDK,WebVella.Erp.Plugins.SDK/Pages/entity/data.cshtml.cs,C#,WebVella.Erp.Api; WebVella.Erp.Api.Models; WebVella.Erp.Api.Models.AutoMapper; WebVella.Erp.Exceptions; WebVella.Erp.Plugins.SDK.Utils; WebVella.Erp.Web; (+8 more),255,2019-11-29,Razor Page model (code-behind / page handler),Split (CC~50)
Plugin: SDK,WebVella.Erp.Plugins.SDK/Pages/entity/details.cshtml,Razor (.cshtml),@page; model:WebVella.Erp.Plugins.SDK.Pages.ErpEntity.DetailsModel; using:WebVella.Erp.Web.Utils,68,2019-10-08,Razor Page view,Low (CC~7)
Plugin: SDK,WebVella.Erp.Plugins.SDK/Pages/entity/details.cshtml.cs,C#,WebVella.Erp.Api; WebVella.Erp.Api.Models; WebVella.Erp.Api.Models.AutoMapper; WebVella.Erp.Exceptions; WebVella.Erp.Plugins.SDK.Utils; WebVella.Erp.Web; (+7 more),143,2019-12-10,Razor Page model (code-behind / page handler),High (CC~19)
Plugin: SDK,WebVella.Erp.Plugins.SDK/Pages/entity/field-details.cshtml,Razor (.cshtml),@page; model:WebVella.Erp.Plugins.SDK.Pages.ErpEntity.FieldDetailsModel; using:WebVella.Erp.Web.Utils,431,2020-11-14,Razor Page view,Split (CC~35)
Plugin: SDK,WebVella.Erp.Plugins.SDK/Pages/entity/field-details.cshtml.cs,C#,WebVella.Erp.Api; WebVella.Erp.Api.Models; WebVella.Erp.Api.Models.AutoMapper; WebVella.Erp.Exceptions; WebVella.Erp.Plugins.SDK.Utils; WebVella.Erp.Web; (+6 more),143,2019-11-14,Razor Page model (code-behind / page handler),High (CC~21)
Plugin: SDK,WebVella.Erp.Plugins.SDK/Pages/entity/fields.cshtml,Razor (.cshtml),@page; model:WebVella.Erp.Plugins.SDK.Pages.ErpEntity.FieldsModel,65,2019-01-22,Razor Page view,Low (CC~9)
Plugin: SDK,WebVella.Erp.Plugins.SDK/Pages/entity/fields.cshtml.cs,C#,WebVella.Erp.Api; WebVella.Erp.Api.Models; WebVella.Erp.Plugins.SDK.Utils; WebVella.Erp.Web; WebVella.Erp.Web.Models; WebVella.Erp.Web.Utils; (+6 more),161,2019-10-08,Razor Page model (code-behind / page handler),Watch (CC~13)
Plugin: SDK,WebVella.Erp.Plugins.SDK/Pages/entity/list.cshtml,Razor (.cshtml),@page; model:WebVella.Erp.Plugins.SDK.Pages.ErpEntity.ListModel,54,2022-01-27,Razor Page view,Low (CC~7)
Plugin: SDK,WebVella.Erp.Plugins.SDK/Pages/entity/list.cshtml.cs,C#,WebVella.Erp.Api; WebVella.Erp.Api.Models; WebVella.Erp.Web.Models.AutoMapper; WebVella.Erp.Web; WebVella.Erp.Web.Models; WebVella.Erp.Web.Utils; (+7 more),139,2021-01-20,Razor Page model (code-behind / page handler),Watch (CC~12)
Plugin: SDK,WebVella.Erp.Plugins.SDK/Pages/entity/manage-field.cshtml,Razor (.cshtml),@page; model:WebVella.Erp.Plugins.SDK.Pages.ErpEntity.ManageFieldModel; using:WebVella.Erp.Web.Utils,335,2020-11-14,Razor Page view,High (CC~26)
Plugin: SDK,WebVella.Erp.Plugins.SDK/Pages/entity/manage-field.cshtml.cs,C#,WebVella.Erp.Api; WebVella.Erp.Api.Models; WebVella.Erp.Api.Models.AutoMapper; WebVella.Erp.Exceptions; WebVella.Erp.Plugins.SDK.Utils; WebVella.Erp.Utilities; (+8 more),1252,2020-12-21,Razor Page model (code-behind / page handler),Split (CC~170)
Plugin: SDK,WebVella.Erp.Plugins.SDK/Pages/entity/manage.cshtml,Razor (.cshtml),@page; model:WebVella.Erp.Plugins.SDK.Pages.ErpEntity.ManageModel; using:WebVella.Erp.Web.Utils,67,2019-10-08,Razor Page view,Low (CC~7)
Plugin: SDK,WebVella.Erp.Plugins.SDK/Pages/entity/manage.cshtml.cs,C#,WebVella.Erp.Api; WebVella.Erp.Api.Models; WebVella.Erp.Api.Models.AutoMapper; WebVella.Erp.Exceptions; WebVella.Erp.Plugins.SDK.Utils; WebVella.Erp.Web; (+6 more),209,2019-05-29,Razor Page model (code-behind / page handler),High (CC~29)
Plugin: SDK,WebVella.Erp.Plugins.SDK/Pages/entity/pages.cshtml,Razor (.cshtml),@page; model:WebVella.Erp.Plugins.SDK.Pages.ErpEntity.PagesModel,78,2019-02-28,Razor Page view,Low (CC~7)
Plugin: SDK,WebVella.Erp.Plugins.SDK/Pages/entity/pages.cshtml.cs,C#,WebVella.Erp.Api; WebVella.Erp.Api.Models; WebVella.Erp.Plugins.SDK.Utils; WebVella.Erp.Web; WebVella.Erp.Web.Models; WebVella.Erp.Web.Services; (+7 more),275,2019-10-08,Razor Page model (code-behind / page handler),Split (CC~41)
Plugin: SDK,WebVella.Erp.Plugins.SDK/Pages/entity/relation-create.cshtml,Razor (.cshtml),@page; model:WebVella.Erp.Plugins.SDK.Pages.ErpEntity.RelationCreateModel; using:WebVella.Erp.Web.Utils,51,2019-10-08,Razor Page view,Low (CC~5)
Plugin: SDK,WebVella.Erp.Plugins.SDK/Pages/entity/relation-create.cshtml.cs,C#,WebVella.Erp.Api; WebVella.Erp.Api.Models; WebVella.Erp.Api.Models.AutoMapper; WebVella.Erp.Exceptions; WebVella.Erp.Plugins.SDK.Utils; WebVella.Erp.Web; (+5 more),146,2020-09-22,Razor Page model (code-behind / page handler),High (CC~26)
Plugin: SDK,WebVella.Erp.Plugins.SDK/Pages/entity/relation-details.cshtml,Razor (.cshtml),@page; model:WebVella.Erp.Plugins.SDK.Pages.ErpEntity.RelationDetailsModel; using:WebVella.Erp.Web.Utils,63,2019-10-08,Razor Page view,Low (CC~7)
Plugin: SDK,WebVella.Erp.Plugins.SDK/Pages/entity/relation-details.cshtml.cs,C#,WebVella.Erp.Api; WebVella.Erp.Api.Models; WebVella.Erp.Api.Models.AutoMapper; WebVella.Erp.Exceptions; WebVella.Erp.Plugins.SDK.Utils; WebVella.Erp.Web; (+5 more),99,2019-03-12,Razor Page model (code-behind / page handler),Watch (CC~14)
Plugin: SDK,WebVella.Erp.Plugins.SDK/Pages/entity/relation-manage.cshtml,Razor (.cshtml),@page; model:WebVella.Erp.Plugins.SDK.Pages.ErpEntity.RelationManageModel; using:WebVella.Erp.Web.Utils,59,2019-10-08,Razor Page view,Low (CC~5)
Plugin: SDK,WebVella.Erp.Plugins.SDK/Pages/entity/relation-manage.cshtml.cs,C#,WebVella.Erp.Api; WebVella.Erp.Api.Models; WebVella.Erp.Api.Models.AutoMapper; WebVella.Erp.Exceptions; WebVella.Erp.Plugins.SDK.Utils; WebVella.Erp.Web; (+5 more),115,2019-03-12,Razor Page model (code-behind / page handler),Watch (CC~15)
Plugin: SDK,WebVella.Erp.Plugins.SDK/Pages/entity/relations.cshtml,Razor (.cshtml),@page; model:WebVella.Erp.Plugins.SDK.Pages.ErpEntity.RelationsModel,54,2019-01-22,Razor Page view,Low (CC~7)
Plugin: SDK,WebVella.Erp.Plugins.SDK/Pages/entity/relations.cshtml.cs,C#,WebVella.Erp.Api; WebVella.Erp.Api.Models; WebVella.Erp.Plugins.SDK.Utils; WebVella.Erp.Web; WebVella.Erp.Web.Models; WebVella.Erp.Web.Utils; (+5 more),152,2019-10-08,Razor Page model (code-behind / page handler),High (CC~18)
Plugin: SDK,WebVella.Erp.Plugins.SDK/Pages/entity/web-api.cshtml,Razor (.cshtml),@page; model:WebVella.Erp.Plugins.SDK.Pages.ErpEntity.EntityWebApiModel; using:WebVella.Erp.Api.Models,519,2019-10-23,Razor Page view,Low (CC~4)
Plugin: SDK,WebVella.Erp.Plugins.SDK/Pages/entity/web-api.cshtml.cs,C#,WebVella.Erp.Api; WebVella.Erp.Api.Models; WebVella.Erp.Api.Models.AutoMapper; WebVella.Erp.Exceptions; WebVella.Erp.Plugins.SDK.Utils; WebVella.Erp.Web; (+7 more),53,2019-03-12,Razor Page model (code-behind / page handler),Low (CC~7)
Plugin: SDK,WebVella.Erp.Plugins.SDK/Pages/job/list.cshtml,Razor (.cshtml),@page; model:WebVella.Erp.Plugins.SDK.Pages.Job.ListModel; using:Newtonsoft.Json,79,2021-11-12,Razor Page view,Low (CC~7)
Plugin: SDK,WebVella.Erp.Plugins.SDK/Pages/job/list.cshtml.cs,C#,WebVella.Erp.Api.Models; WebVella.Erp.Jobs; WebVella.Erp.Plugins.SDK.Services; WebVella.Erp.Plugins.SDK.Utils; WebVella.Erp.Web; WebVella.Erp.Web.Models; (+5 more),123,2021-11-12,Razor Page model (code-behind / page handler),Low (CC~9)
Plugin: SDK,WebVella.Erp.Plugins.SDK/Pages/job/plan-manage.cshtml,Razor (.cshtml),@page; model:WebVella.Erp.Plugins.SDK.Pages.Job.PlanManageModel; using:WebVella.Erp.Web.Utils,75,2019-10-08,Razor Page view,Low (CC~1)
Plugin: SDK,WebVella.Erp.Plugins.SDK/Pages/job/plan-manage.cshtml.cs,C#,WebVella.Erp.Api.Models; WebVella.Erp.Exceptions; WebVella.Erp.Jobs; WebVella.Erp.Plugins.SDK.Utils; WebVella.Erp.Web; WebVella.Erp.Web.Models; (+4 more),187,2020-10-07,Razor Page model (code-behind / page handler),Split (CC~48)
Plugin: SDK,WebVella.Erp.Plugins.SDK/Pages/job/plan.cshtml,Razor (.cshtml),@page; model:WebVella.Erp.Plugins.SDK.Pages.Job.PlanModel; using:Newtonsoft.Json; using:WebVella.Erp.Web.Utils,82,2019-04-06,Razor Page view,Watch (CC~14)
Plugin: SDK,WebVella.Erp.Plugins.SDK/Pages/job/plan.cshtml.cs,C#,WebVella.Erp.Api.Models; WebVella.Erp.Api.Models.AutoMapper; WebVella.Erp.Jobs; WebVella.Erp.Plugins.SDK.Utils; WebVella.Erp.Web; WebVella.Erp.Web.Models; (+6 more),117,2019-10-08,Razor Page model (code-behind / page handler),Low (CC~9)
Plugin: SDK,WebVella.Erp.Plugins.SDK/Pages/log/list.cshtml,Razor (.cshtml),@page; model:WebVella.Erp.Plugins.SDK.Pages.Log.ListModel; using:Newtonsoft.Json,93,2021-11-12,Razor Page view,Watch (CC~12)
Plugin: SDK,WebVella.Erp.Plugins.SDK/Pages/log/list.cshtml.cs,C#,WebVella.Erp.Api.Models; WebVella.Erp.Plugins.SDK.Services; WebVella.Erp.Web; WebVella.Erp.Web.Models; WebVella.Erp.Web.Utils; WebVella.TagHelpers.Models; (+2 more),106,2021-11-12,Razor Page model (code-behind / page handler),Low (CC~7)
Plugin: SDK,WebVella.Erp.Plugins.SDK/Pages/page/create.cshtml,Razor (.cshtml),@page; model:WebVella.Erp.Plugins.SDK.Pages.Page.CreateModel; using:WebVella.Erp.Web.Utils,33,2019-10-08,Razor Page view,Low (CC~1)
Plugin: SDK,WebVella.Erp.Plugins.SDK/Pages/page/create.cshtml.cs,C#,WebVella.Erp.Api.Models; WebVella.Erp.Exceptions; WebVella.Erp.Web; WebVella.Erp.Web.Models; WebVella.Erp.Web.Services; System; (+1 more),77,2019-03-12,Razor Page model (code-behind / page handler),Low (CC~10)
Plugin: SDK,WebVella.Erp.Plugins.SDK/Pages/page/custom-body.cshtml,Razor (.cshtml),@page; model:WebVella.Erp.Plugins.SDK.Pages.Page.CustomBodyModel; using:System.Web,42,2019-02-28,Razor Page view,Low (CC~6)
Plugin: SDK,WebVella.Erp.Plugins.SDK/Pages/page/custom-body.cshtml.cs,C#,WebVella.Erp.Plugins.SDK.Utils; WebVella.Erp.Web; WebVella.Erp.Web.Models; WebVella.Erp.Web.Services; WebVella.Erp.Web.Utils; System; (+1 more),48,2019-03-12,Razor Page model (code-behind / page handler),Low (CC~6)
Plugin: SDK,WebVella.Erp.Plugins.SDK/Pages/page/details.cshtml,Razor (.cshtml),@page; model:WebVella.Erp.Plugins.SDK.Pages.Page.DetailsModel; using:System.Web; using:WebVella.TagHelpers.Models; using:WebVella.Erp.Web.Utils,76,2019-10-08,Razor Page view,Low (CC~8)
Plugin: SDK,WebVella.Erp.Plugins.SDK/Pages/page/details.cshtml.cs,C#,WebVella.Erp.Api; WebVella.Erp.Api.Models; WebVella.Erp.Exceptions; WebVella.Erp.Plugins.SDK.Utils; WebVella.Erp.Web; WebVella.Erp.Web.Models; (+5 more),144,2019-03-12,Razor Page model (code-behind / page handler),High (CC~23)
Plugin: SDK,WebVella.Erp.Plugins.SDK/Pages/page/generated-body.cshtml,Razor (.cshtml),@page; model:WebVella.Erp.Plugins.SDK.Pages.Page.GeneratedBodyModel,32,2019-12-31,Razor Page view,Low (CC~6)
Plugin: SDK,WebVella.Erp.Plugins.SDK/Pages/page/generated-body.cshtml.cs,C#,WebVella.Erp.Plugins.SDK.Utils; WebVella.Erp.Web; WebVella.Erp.Web.Models; WebVella.Erp.Web.Services; WebVella.Erp.Web.Utils; Newtonsoft.Json; (+4 more),67,2019-03-12,Razor Page model (code-behind / page handler),Low (CC~10)
Plugin: SDK,WebVella.Erp.Plugins.SDK/Pages/page/list.cshtml,Razor (.cshtml),@page; model:WebVella.Erp.Plugins.SDK.Pages.Page.ListModel,72,2019-02-28,Razor Page view,Low (CC~5)
Plugin: SDK,WebVella.Erp.Plugins.SDK/Pages/page/list.cshtml.cs,C#,WebVella.Erp.Api; WebVella.Erp.Api.Models; WebVella.Erp.Web; WebVella.Erp.Web.Models; WebVella.Erp.Web.Services; WebVella.Erp.Web.Utils; (+6 more),263,2019-10-08,Razor Page model (code-behind / page handler),Split (CC~43)
Plugin: SDK,WebVella.Erp.Plugins.SDK/Pages/page/manage-custom.cshtml,Razor (.cshtml),@page; model:WebVella.Erp.Plugins.SDK.Pages.Page.ManageCustomModel; using:WebVella.Erp.Web.Utils,42,2019-10-08,Razor Page view,Low (CC~4)
Plugin: SDK,WebVella.Erp.Plugins.SDK/Pages/page/manage-custom.cshtml.cs,C#,WebVella.Erp.Exceptions; WebVella.Erp.Plugins.SDK.Utils; WebVella.Erp.Web; WebVella.Erp.Web.Models; WebVella.Erp.Web.Services; Microsoft.AspNetCore.Mvc.RazorPages; (+2 more),82,2019-03-12,Razor Page model (code-behind / page handler),Watch (CC~11)
Plugin: SDK,WebVella.Erp.Plugins.SDK/Pages/page/manage.cshtml,Razor (.cshtml),@page; model:WebVella.Erp.Plugins.SDK.Pages.Page.ManageModel; using:WebVella.TagHelpers.Models; using:WebVella.Erp.Web.Utils,60,2019-10-08,Razor Page view,Low (CC~4)
Plugin: SDK,WebVella.Erp.Plugins.SDK/Pages/page/manage.cshtml.cs,C#,WebVella.Erp.Api.Models; WebVella.Erp.Exceptions; WebVella.Erp.Plugins.SDK.Utils; WebVella.Erp.Web; WebVella.Erp.Web.Models; WebVella.Erp.Web.Services; (+3 more),120,2019-03-12,Razor Page model (code-behind / page handler),High (CC~16)
Plugin: SDK,WebVella.Erp.Plugins.SDK/Pages/page/model.cshtml,Razor (.cshtml),@page; model:WebVella.Erp.Plugins.SDK.Pages.Page.PageDataModel; using:WebVella.Erp.Web.Utils,204,2019-12-31,Razor Page view,Watch (CC~14)
Plugin: SDK,WebVella.Erp.Plugins.SDK/Pages/page/model.cshtml.cs,C#,WebVella.Erp.Api; WebVella.Erp.Api.Models; WebVella.Erp.Exceptions; WebVella.Erp.Plugins.SDK.Utils; WebVella.Erp.Web; WebVella.Erp.Web.Models; (+7 more),173,2019-03-12,Razor Page model (code-behind / page handler),Split (CC~32)
Plugin: SDK,WebVella.Erp.Plugins.SDK/Pages/role/create.cshtml,Razor (.cshtml),@page; model:WebVella.Erp.Plugins.SDK.Pages.Role.CreateModel; using:WebVella.Erp.Web.Utils,29,2022-08-15,Razor Page view,Low (CC~1)
Plugin: SDK,WebVella.Erp.Plugins.SDK/Pages/role/create.cshtml.cs,C#,WebVella.Erp.Api; WebVella.Erp.Api.Models; WebVella.Erp.Exceptions; WebVella.Erp.Web; WebVella.Erp.Web.Models; System,52,2019-03-12,Razor Page model (code-behind / page handler),Low (CC~7)
Plugin: SDK,WebVella.Erp.Plugins.SDK/Pages/role/list.cshtml,Razor (.cshtml),@page; model:WebVella.Erp.Plugins.SDK.Pages.Role.ListModel,38,2019-01-22,Razor Page view,Low (CC~9)
Plugin: SDK,WebVella.Erp.Plugins.SDK/Pages/role/list.cshtml.cs,C#,WebVella.Erp.Api.Models; WebVella.Erp.Eql; WebVella.Erp.Web; WebVella.Erp.Web.Models; WebVella.Erp.Web.Services; WebVella.Erp.Web.Utils; (+6 more),67,2019-10-08,Razor Page model (code-behind / page handler),Low (CC~2)
Plugin: SDK,WebVella.Erp.Plugins.SDK/Pages/role/manage.cshtml,Razor (.cshtml),@page; model:WebVella.Erp.Plugins.SDK.Pages.Role.ManageModel; using:WebVella.Erp.Web.Utils,29,2022-08-15,Razor Page view,Low (CC~1)
Plugin: SDK,WebVella.Erp.Plugins.SDK/Pages/role/manage.cshtml.cs,C#,WebVella.Erp.Api; WebVella.Erp.Api.Models; WebVella.Erp.Eql; WebVella.Erp.Exceptions; WebVella.Erp.Web; WebVella.Erp.Web.Models; (+2 more),69,2019-03-12,Razor Page model (code-behind / page handler),Low (CC~10)
Plugin: SDK,WebVella.Erp.Plugins.SDK/Pages/tools/cogegen.cshtml,Razor (.cshtml),@page; model:WebVella.Erp.Plugins.SDK.Pages.Tools.CodeGenModel; using:WebVella.Erp.Web.Utils,121,2020-01-16,Razor Page view,High (CC~19)
Plugin: SDK,WebVella.Erp.Plugins.SDK/Pages/tools/cogegen.cshtml.cs,C#,WebVella.Erp.Api; WebVella.Erp.Api.Models; WebVella.Erp.Exceptions; WebVella.Erp.Plugins.SDK.Services; WebVella.Erp.Web; WebVella.Erp.Web.Models; (+5 more),116,2021-06-24,Razor Page model (code-behind / page handler),Low (CC~10)
Plugin: SDK,WebVella.Erp.Plugins.SDK/Pages/user/create.cshtml,Razor (.cshtml),@page; model:WebVella.Erp.Plugins.SDK.Pages.User.CreateModel; using:WebVella.Erp.Web.Utils,52,2019-10-08,Razor Page view,Low (CC~1)
Plugin: SDK,WebVella.Erp.Plugins.SDK/Pages/user/create.cshtml.cs,C#,WebVella.Erp.Web; WebVella.Erp.Web.Models; WebVella.Erp.Web.Services; WebVella.Erp.Exceptions; WebVella.Erp.Api.Models; WebVella.Erp.Eql; (+4 more),105,2019-03-12,Razor Page model (code-behind / page handler),Low (CC~10)
Plugin: SDK,WebVella.Erp.Plugins.SDK/Pages/user/list.cshtml,Razor (.cshtml),@page; model:WebVella.Erp.Plugins.SDK.Pages.User.ListModel,48,2019-02-28,Razor Page view,Low (CC~8)
Plugin: SDK,WebVella.Erp.Plugins.SDK/Pages/user/list.cshtml.cs,C#,WebVella.Erp.Api.Models; WebVella.Erp.Eql; WebVella.Erp.Web; WebVella.Erp.Web.Models; WebVella.Erp.Web.Services; WebVella.Erp.Web.Utils; (+6 more),94,2019-10-08,Razor Page model (code-behind / page handler),Low (CC~5)
Plugin: SDK,WebVella.Erp.Plugins.SDK/Pages/user/manage.cshtml,Razor (.cshtml),@page; model:WebVella.Erp.Plugins.SDK.Pages.User.ManageModel; using:WebVella.Erp.Web.Utils,52,2019-10-08,Razor Page view,Low (CC~1)
Plugin: SDK,WebVella.Erp.Plugins.SDK/Pages/user/manage.cshtml.cs,C#,WebVella.Erp.Api; WebVella.Erp.Api.Models; WebVella.Erp.Eql; WebVella.Erp.Exceptions; WebVella.Erp.Web; WebVella.Erp.Web.Models; (+4 more),126,2019-03-12,Razor Page model (code-behind / page handler),Watch (CC~15)
Plugin: SDK,WebVella.Erp.Plugins.SDK/SdkPlugin.20181215.cs,C#,WebVella.Erp.Api; WebVella.Erp.Database; WebVella.Erp.Web.Models; WebVella.Erp.Web.Services; System.Collections.Generic,204,2019-03-02,Plugin schema patch (date-versioned migration via ProcessPatches),Low (CC~1)
Plugin: SDK,WebVella.Erp.Plugins.SDK/SdkPlugin.20190227.cs,C#,WebVella.Erp.Api; WebVella.Erp.Database; WebVella.Erp.Web.Models; WebVella.Erp.Web.Services; System.Collections.Generic,194,2019-03-02,Plugin schema patch (date-versioned migration via ProcessPatches),Low (CC~8)
Plugin: SDK,WebVella.Erp.Plugins.SDK/SdkPlugin.20200610.cs,C#,WebVella.Erp.Api; WebVella.Erp.Database; WebVella.Erp.Web.Models; WebVella.Erp.Web.Services; System.Collections.Generic,30,2020-12-21,Plugin schema patch (date-versioned migration via ProcessPatches),Low (CC~1)
Plugin: SDK,WebVella.Erp.Plugins.SDK/SdkPlugin.20201221.cs,C#,WebVella.Erp.Api; WebVella.Erp.Api.Models; System.Collections.Generic; System.Globalization; System.Linq,106,2021-01-05,Plugin schema patch (date-versioned migration via ProcessPatches),Low (CC~4)
Plugin: SDK,WebVella.Erp.Plugins.SDK/SdkPlugin.20210429.cs,C#,WebVella.Erp.Api; WebVella.Erp.Api.Models; WebVella.Erp.Database; Npgsql; System.Collections.Generic; System.Data; (+2 more),48,2021-04-29,Plugin schema patch (date-versioned migration via ProcessPatches),Low (CC~5)
Plugin: SDK,WebVella.Erp.Plugins.SDK/SdkPlugin._.cs,C#,WebVella.Erp.Api; WebVella.Erp.Api.Models; WebVella.Erp.Database; WebVella.Erp.Plugins.SDK.Model; System,116,2022-01-27,Plugin patch registry / partial (ProcessPatches aggregation),High (CC~23)
Plugin: SDK,WebVella.Erp.Plugins.SDK/SdkPlugin.cs,C#,WebVella.Erp.Api; WebVella.Erp.Jobs; WebVella.Erp.Plugins.SDK.Jobs; System; System.Collections.Generic,60,2022-01-27,Plugin entry point / registration (ErpPlugin subclass),Low (CC~3)
Plugin: SDK,WebVella.Erp.Plugins.SDK/Services/CodeGenService.cs,C#,WebVella.Erp.Api; WebVella.Erp.Api.Models; WebVella.Erp.Api.Models.AutoMapper; WebVella.Erp.Database; WebVella.Erp.Exceptions; WebVella.Erp.Web.Models; (+8 more),8413,2025-02-01,Service class (business logic / orchestration),Split (CC~1261)
Plugin: SDK,WebVella.Erp.Plugins.SDK/Services/LogService.cs,C#,WebVella.Erp.Api; WebVella.Erp.Api.Models; WebVella.Erp.Eql; NpgsqlTypes; System; System.Collections.Generic; (+3 more),120,2021-11-12,Service class (business logic / orchestration),High (CC~17)
Plugin: SDK,WebVella.Erp.Plugins.SDK/Utils/AdminPageUtils.cs,C#,WebVella.Erp.Api; WebVella.Erp.Api.Models; WebVella.Erp.Web.Models; System.Collections.Generic; System.Linq; System.Text,232,2020-11-14,Utility / helper component,Low (CC~8)
Plugin: SDK,WebVella.Erp.Plugins.SDK/WebVella.Erp.Plugins.SDK.csproj,MSBuild/XML (.csproj),-> ..\WebVella.Erp.Web\WebVella.Erp.Web; -> ..\WebVella.Erp\WebVella.Erp; fwk:Microsoft.AspNetCore.App,45,2026-01-20,"MSBuild project file (Sdk.Razor, net9.0) for Plugin: SDK",Low (CC~1)
Plugin: SDK,WebVella.Erp.Plugins.SDK/wwwroot/js/wv-datasource-manage/core-a8682c5d.system.js,JavaScript,(generated Stencil bundle),1,2019-12-31,Stencil-compiled web component bundle (generated/embedded asset),Split (CC~257)
Plugin: SDK,WebVella.Erp.Plugins.SDK/wwwroot/js/wv-datasource-manage/core-c7ac21f4.js,JavaScript,(generated Stencil bundle),1,2019-12-31,Stencil-compiled web component bundle (generated/embedded asset),Split (CC~187)
Plugin: SDK,WebVella.Erp.Plugins.SDK/wwwroot/js/wv-datasource-manage/css-shim-978387b1-1e75855f.js,JavaScript,(generated Stencil bundle),1,2019-12-31,Stencil-compiled web component bundle (generated/embedded asset),High (CC~25)
Plugin: SDK,WebVella.Erp.Plugins.SDK/wwwroot/js/wv-datasource-manage/css-shim-978387b1-45911f05.system.js,JavaScript,(generated Stencil bundle),1,2019-12-31,Stencil-compiled web component bundle (generated/embedded asset),Split (CC~33)
Plugin: SDK,WebVella.Erp.Plugins.SDK/wwwroot/js/wv-datasource-manage/dom-76cc7c7d-0a082895.js,JavaScript,(generated Stencil bundle),5,2019-12-31,Stencil-compiled web component bundle (generated/embedded asset),Split (CC~264)
Plugin: SDK,WebVella.Erp.Plugins.SDK/wwwroot/js/wv-datasource-manage/dom-76cc7c7d-c4101f94.system.js,JavaScript,(generated Stencil bundle),7,2019-12-31,Stencil-compiled web component bundle (generated/embedded asset),Split (CC~264)
Plugin: SDK,WebVella.Erp.Plugins.SDK/wwwroot/js/wv-datasource-manage/index.esm.js,JavaScript,(generated Stencil bundle),0,2019-12-31,Stencil-compiled web component bundle (generated/embedded asset),Low (CC~1)
Plugin: SDK,WebVella.Erp.Plugins.SDK/wwwroot/js/wv-datasource-manage/index.system.js,JavaScript,(generated Stencil bundle),1,2019-12-31,Stencil-compiled web component bundle (generated/embedded asset),Low (CC~1)
Plugin: SDK,WebVella.Erp.Plugins.SDK/wwwroot/js/wv-datasource-manage/wv-datasource-manage.esm.js,JavaScript,(generated Stencil bundle),1,2019-12-31,Stencil-compiled web component bundle (generated/embedded asset),Low (CC~1)
Plugin: SDK,WebVella.Erp.Plugins.SDK/wwwroot/js/wv-datasource-manage/wv-datasource-manage.js,JavaScript,(generated Stencil bundle),368,2019-12-31,Stencil-compiled web component bundle (generated/embedded asset),Split (CC~470)
Plugin: SDK,WebVella.Erp.Plugins.SDK/wwwroot/js/wv-datasource-manage/wv-datasource-manage.system.js,JavaScript,(generated Stencil bundle),1,2019-12-31,Stencil-compiled web component bundle (generated/embedded asset),Low (CC~1)
Plugin: SDK,WebVella.Erp.Plugins.SDK/wwwroot/js/wv-datasource-manage/wv-datasource-manage_4.entry.js,JavaScript,(generated Stencil bundle),2,2019-12-31,Stencil-compiled web component bundle (generated/embedded asset),Split (CC~190)
Plugin: SDK,WebVella.Erp.Plugins.SDK/wwwroot/js/wv-datasource-manage/wv-datasource-manage_4.system.entry.js,JavaScript,(generated Stencil bundle),2,2019-12-31,Stencil-compiled web component bundle (generated/embedded asset),Split (CC~174)
Plugin: SDK,WebVella.Erp.Plugins.SDK/wwwroot/js/wv-pb-manager/index.esm.js,JavaScript,(generated Stencil bundle),0,2019-12-31,Stencil-compiled web component bundle (generated/embedded asset),Low (CC~1)
Plugin: SDK,WebVella.Erp.Plugins.SDK/wwwroot/js/wv-pb-manager/p-1b4b3940.js,JavaScript,(generated Stencil bundle),1,2019-12-31,Stencil-compiled web component bundle (generated/embedded asset),Split (CC~211)
Plugin: SDK,WebVella.Erp.Plugins.SDK/wwwroot/js/wv-pb-manager/p-3b66a627.js,JavaScript,(generated Stencil bundle),5,2019-12-31,Stencil-compiled web component bundle (generated/embedded asset),Split (CC~264)
Plugin: SDK,WebVella.Erp.Plugins.SDK/wwwroot/js/wv-pb-manager/p-4e385a20.system.js,JavaScript,(generated Stencil bundle),1,2019-12-31,Stencil-compiled web component bundle (generated/embedded asset),Low (CC~1)
Plugin: SDK,WebVella.Erp.Plugins.SDK/wwwroot/js/wv-pb-manager/p-50ea2036.system.js,JavaScript,(generated Stencil bundle),1,2019-12-31,Stencil-compiled web component bundle (generated/embedded asset),Low (CC~1)
Plugin: SDK,WebVella.Erp.Plugins.SDK/wwwroot/js/wv-pb-manager/p-7f10eb01.system.js,JavaScript,(generated Stencil bundle),7,2019-12-31,Stencil-compiled web component bundle (generated/embedded asset),Split (CC~264)
Plugin: SDK,WebVella.Erp.Plugins.SDK/wwwroot/js/wv-pb-manager/p-a614138e.system.js,JavaScript,(generated Stencil bundle),1,2019-12-31,Stencil-compiled web component bundle (generated/embedded asset),Split (CC~33)
Plugin: SDK,WebVella.Erp.Plugins.SDK/wwwroot/js/wv-pb-manager/p-b936be6e.system.js,JavaScript,(generated Stencil bundle),1,2019-12-31,Stencil-compiled web component bundle (generated/embedded asset),Split (CC~281)
Plugin: SDK,WebVella.Erp.Plugins.SDK/wwwroot/js/wv-pb-manager/p-d8631f0b.js,JavaScript,(generated Stencil bundle),1,2019-12-31,Stencil-compiled web component bundle (generated/embedded asset),High (CC~25)
Plugin: SDK,WebVella.Erp.Plugins.SDK/wwwroot/js/wv-pb-manager/p-ledrsdq5.system.entry.js,JavaScript,(generated Stencil bundle),2,2019-12-31,Stencil-compiled web component bundle (generated/embedded asset),Split (CC~788)
Plugin: SDK,WebVella.Erp.Plugins.SDK/wwwroot/js/wv-pb-manager/p-lhcicmgg.entry.js,JavaScript,(generated Stencil bundle),1,2019-12-31,Stencil-compiled web component bundle (generated/embedded asset),Split (CC~909)
Plugin: SDK,WebVella.Erp.Plugins.SDK/wwwroot/js/wv-pb-manager/wv-pb-manager.esm.js,JavaScript,(generated Stencil bundle),1,2019-12-31,Stencil-compiled web component bundle (generated/embedded asset),Low (CC~1)
Plugin: SDK,WebVella.Erp.Plugins.SDK/wwwroot/js/wv-pb-manager/wv-pb-manager.js,JavaScript,(generated Stencil bundle),368,2019-12-31,Stencil-compiled web component bundle (generated/embedded asset),Split (CC~470)
Plugin: SDK,WebVella.Erp.Plugins.SDK/wwwroot/js/wv-sitemap-manager/index.esm.js,JavaScript,(generated Stencil bundle),0,2019-12-31,Stencil-compiled web component bundle (generated/embedded asset),Low (CC~1)
Plugin: SDK,WebVella.Erp.Plugins.SDK/wwwroot/js/wv-sitemap-manager/p-3b66a627.js,JavaScript,(generated Stencil bundle),5,2019-12-31,Stencil-compiled web component bundle (generated/embedded asset),Split (CC~264)
Plugin: SDK,WebVella.Erp.Plugins.SDK/wwwroot/js/wv-sitemap-manager/p-447ccb56.system.js,JavaScript,(generated Stencil bundle),1,2020-02-04,Stencil-compiled web component bundle (generated/embedded asset),Split (CC~33)
Plugin: SDK,WebVella.Erp.Plugins.SDK/wwwroot/js/wv-sitemap-manager/p-50ea2036.system.js,JavaScript,(generated Stencil bundle),1,2019-12-31,Stencil-compiled web component bundle (generated/embedded asset),Low (CC~1)
Plugin: SDK,WebVella.Erp.Plugins.SDK/wwwroot/js/wv-sitemap-manager/p-73bc5e11.js,JavaScript,(generated Stencil bundle),1,2020-02-04,Stencil-compiled web component bundle (generated/embedded asset),High (CC~25)
Plugin: SDK,WebVella.Erp.Plugins.SDK/wwwroot/js/wv-sitemap-manager/p-7f10eb01.system.js,JavaScript,(generated Stencil bundle),7,2019-12-31,Stencil-compiled web component bundle (generated/embedded asset),Split (CC~264)
Plugin: SDK,WebVella.Erp.Plugins.SDK/wwwroot/js/wv-sitemap-manager/p-b7e7ce2a.system.js,JavaScript,(generated Stencil bundle),1,2020-02-04,Stencil-compiled web component bundle (generated/embedded asset),Split (CC~251)
Plugin: SDK,WebVella.Erp.Plugins.SDK/wwwroot/js/wv-sitemap-manager/p-ba4f137e.js,JavaScript,(generated Stencil bundle),1,2020-02-04,Stencil-compiled web component bundle (generated/embedded asset),Split (CC~186)
Plugin: SDK,WebVella.Erp.Plugins.SDK/wwwroot/js/wv-sitemap-manager/p-ed09b763.system.js,JavaScript,(generated Stencil bundle),1,2020-02-04,Stencil-compiled web component bundle (generated/embedded asset),Low (CC~1)
Plugin: SDK,WebVella.Erp.Plugins.SDK/wwwroot/js/wv-sitemap-manager/p-mvv1meam.entry.js,JavaScript,(generated Stencil bundle),1,2020-02-04,Stencil-compiled web component bundle (generated/embedded asset),Split (CC~45)
Plugin: SDK,WebVella.Erp.Plugins.SDK/wwwroot/js/wv-sitemap-manager/p-nbwiefc8.system.entry.js,JavaScript,(generated Stencil bundle),1,2020-02-04,Stencil-compiled web component bundle (generated/embedded asset),Split (CC~49)
Plugin: SDK,WebVella.Erp.Plugins.SDK/wwwroot/js/wv-sitemap-manager/p-tahlqbo4.js,JavaScript,(generated Stencil bundle),1,2020-02-04,Stencil-compiled web component bundle (generated/embedded asset),Low (CC~1)
Plugin: SDK,WebVella.Erp.Plugins.SDK/wwwroot/js/wv-sitemap-manager/wv-sitemap-manager.esm.js,JavaScript,(generated Stencil bundle),1,2020-02-04,Stencil-compiled web component bundle (generated/embedded asset),Low (CC~1)
Plugin: SDK,WebVella.Erp.Plugins.SDK/wwwroot/js/wv-sitemap-manager/wv-sitemap-manager.js,JavaScript,(generated Stencil bundle),368,2020-02-04,Stencil-compiled web component bundle (generated/embedded asset),Split (CC~435)
Plugin: SDK,WebVella.Erp.Plugins.SDK/wwwroot/lib/jstree/jstree.min.js,JavaScript,(vendored library),5,2019-12-31,Vendored third-party JavaScript library (wwwroot/lib),Split (CC~605)
Site: Crm,WebVella.Erp.Site.Crm/Config.json,JSON,ConnectionString,27,2022-10-15,"Host runtime configuration (connection string, encryption key, JWT secret) for Site: Crm",Low (CC~1)
Site: Crm,WebVella.Erp.Site.Crm/Program.cs,C#,Microsoft.AspNetCore.Hosting,16,2019-10-09,Application entry point / host bootstrap,Low (CC~1)
Site: Crm,WebVella.Erp.Site.Crm/Startup.cs,C#,WebVella.Erp.Plugins.Crm; WebVella.Erp.Plugins.Next; WebVella.Erp.Plugins.SDK; WebVella.Erp.Web; WebVella.Erp.Web.Middleware; Newtonsoft.Json; (+10 more),107,2023-01-04,ASP.NET Core startup: services & middleware pipeline configuration,Low (CC~5)
Site: Crm,WebVella.Erp.Site.Crm/WebVella.Erp.Site.Crm.csproj,MSBuild/XML (.csproj),-> ..\WebVella.Erp.Plugins.Crm\WebVella.Erp.Plugins.Crm; -> ..\WebVella.Erp.Plugins.Next\WebVella.Erp.Plugins.Next; -> ..\WebVella.Erp.Plugins.SDK\WebVella.Erp.Plugins.SDK; -> ..\WebVella.Erp.Web\WebVella.Erp.Web; -> ..\WebVella.Erp\WebVella.Erp; Microsoft.AspNetCore.Mvc.NewtonsoftJson 9.0.10,19,2026-01-20,"MSBuild project file (Sdk.Web, net9.0) for Site: Crm",Low (CC~1)
Site: Mail,WebVella.Erp.Site.Mail/Config.json,JSON,ConnectionString,27,2022-10-15,"Host runtime configuration (connection string, encryption key, JWT secret) for Site: Mail",Low (CC~1)
Site: Mail,WebVella.Erp.Site.Mail/Program.cs,C#,Microsoft.AspNetCore.Hosting,16,2019-10-09,Application entry point / host bootstrap,Low (CC~1)
Site: Mail,WebVella.Erp.Site.Mail/Startup.cs,C#,WebVella.Erp.Plugins.Mail; WebVella.Erp.Plugins.Next; WebVella.Erp.Plugins.SDK; WebVella.Erp.Web; WebVella.Erp.Web.Middleware; Newtonsoft.Json; (+10 more),106,2023-01-04,ASP.NET Core startup: services & middleware pipeline configuration,Low (CC~5)
Site: Mail,WebVella.Erp.Site.Mail/WebVella.Erp.Site.Mail.csproj,MSBuild/XML (.csproj),-> ..\WebVella.Erp.Plugins.Mail\WebVella.Erp.Plugins.Mail; -> ..\WebVella.Erp.Plugins.Next\WebVella.Erp.Plugins.Next; -> ..\WebVella.Erp.Plugins.SDK\WebVella.Erp.Plugins.SDK; -> ..\WebVella.Erp.Web\WebVella.Erp.Web; -> ..\WebVella.Erp\WebVella.Erp; Microsoft.AspNetCore.Mvc.NewtonsoftJson 9.0.10,19,2026-01-20,"MSBuild project file (Sdk.Web, net9.0) for Site: Mail",Low (CC~1)
Site: MicrosoftCDM,WebVella.Erp.Site.MicrosoftCDM/Config.json,JSON,ConnectionString,27,2022-10-15,"Host runtime configuration (connection string, encryption key, JWT secret) for Site: MicrosoftCDM",Low (CC~1)
Site: MicrosoftCDM,WebVella.Erp.Site.MicrosoftCDM/Program.cs,C#,System; System.Collections.Generic; System.Linq; System.Threading.Tasks; Microsoft.AspNetCore; Microsoft.AspNetCore.Hosting; (+3 more),23,2020-08-24,Application entry point / host bootstrap,Low (CC~1)
Site: MicrosoftCDM,WebVella.Erp.Site.MicrosoftCDM/Startup.cs,C#,WebVella.Erp.Web; WebVella.Erp.Web.Middleware; WebVella.Erp.Plugins.SDK; WebVella.Erp.Plugins.MicrosoftCDM; Newtonsoft.Json; System; (+13 more),108,2023-01-04,ASP.NET Core startup: services & middleware pipeline configuration,Low (CC~5)
Site: MicrosoftCDM,WebVella.Erp.Site.MicrosoftCDM/WebVella.Erp.Site.MicrosoftCDM.csproj,MSBuild/XML (.csproj),-> ..\WebVella.Erp.Plugins.MicrosoftCDM\WebVella.Erp.Plugins.MicrosoftCDM; -> ..\WebVella.Erp.Plugins.SDK\WebVella.Erp.Plugins.SDK; -> ..\WebVella.Erp.Web\WebVella.Erp.Web; -> ..\WebVella.Erp\WebVella.Erp; Microsoft.AspNetCore.Mvc.NewtonsoftJson 9.0.10,16,2026-01-20,"MSBuild project file (Sdk.Web, net9.0) for Site: MicrosoftCDM",Low (CC~1)
Site: MicrosoftCDM,WebVella.Erp.Site.MicrosoftCDM/appsettings.Development.json,JSON,Logging,9,2020-08-24,ASP.NET Core appsettings configuration for Site: MicrosoftCDM,Low (CC~1)
Site: MicrosoftCDM,WebVella.Erp.Site.MicrosoftCDM/appsettings.json,JSON,Logging; AllowedHosts,10,2020-08-24,ASP.NET Core appsettings configuration for Site: MicrosoftCDM,Low (CC~1)
Site: Next,WebVella.Erp.Site.Next/Config.json,JSON,ConnectionString,27,2022-10-15,"Host runtime configuration (connection string, encryption key, JWT secret) for Site: Next",Low (CC~1)
Site: Next,WebVella.Erp.Site.Next/Program.cs,C#,Microsoft.AspNetCore.Hosting,16,2019-10-09,Application entry point / host bootstrap,Low (CC~1)
Site: Next,WebVella.Erp.Site.Next/Startup.cs,C#,WebVella.Erp.Plugins.Next; WebVella.Erp.Web; WebVella.Erp.Web.Middleware; WebVella.TagHelpers; Newtonsoft.Json; Microsoft.AspNetCore.Builder; (+9 more),107,2023-01-04,ASP.NET Core startup: services & middleware pipeline configuration,Low (CC~5)
Site: Next,WebVella.Erp.Site.Next/WebVella.Erp.Site.Next.csproj,MSBuild/XML (.csproj),-> ..\WebVella.Erp.Plugins.Next\WebVella.Erp.Plugins.Next; -> ..\WebVella.Erp.Web\WebVella.Erp.Web; -> ..\WebVella.Erp\WebVella.Erp; Microsoft.AspNetCore.Mvc.NewtonsoftJson 9.0.10,17,2026-01-20,"MSBuild project file (Sdk.Web, net9.0) for Site: Next",Low (CC~1)
Site: Project,WebVella.Erp.Site.Project/Config.json,JSON,ConnectionString; Jwt,32,2023-11-22,"Host runtime configuration (connection string, encryption key, JWT secret) for Site: Project",Low (CC~1)
Site: Project,WebVella.Erp.Site.Project/Program.cs,C#,Microsoft.AspNetCore.Hosting,16,2019-10-09,Application entry point / host bootstrap,Low (CC~1)
Site: Project,WebVella.Erp.Site.Project/Startup.cs,C#,WebVella.Erp.Plugins.Next; WebVella.Erp.Plugins.Project; WebVella.Erp.Plugins.SDK; WebVella.Erp.Web; WebVella.Erp.Web.Middleware; Newtonsoft.Json; (+15 more),145,2024-06-10,ASP.NET Core startup: services & middleware pipeline configuration,Low (CC~8)
Site: Project,WebVella.Erp.Site.Project/WebVella.Erp.Site.Project.csproj,MSBuild/XML (.csproj),-> ..\WebVella.Erp.Plugins.Next\WebVella.Erp.Plugins.Next; -> ..\WebVella.Erp.Plugins.Project\WebVella.Erp.Plugins.Project; -> ..\WebVella.Erp.Plugins.SDK\WebVella.Erp.Plugins.SDK; -> ..\WebVella.Erp.Web\WebVella.Erp.Web; -> ..\WebVella.Erp\WebVella.Erp; Microsoft.AspNetCore.Mvc.NewtonsoftJson 9.0.10; Microsoft.AspNetCore.Authentication.JwtBearer 9.0.10,20,2026-01-20,"MSBuild project file (Sdk.Web, net9.0) for Site: Project",Low (CC~1)
Site: Sdk,WebVella.Erp.Site.Sdk/Config.json,JSON,ConnectionString,29,2022-10-15,"Host runtime configuration (connection string, encryption key, JWT secret) for Site: Sdk",Low (CC~1)
Site: Sdk,WebVella.Erp.Site.Sdk/Program.cs,C#,Microsoft.AspNetCore.Hosting,16,2019-10-09,Application entry point / host bootstrap,Low (CC~1)
Site: Sdk,WebVella.Erp.Site.Sdk/Startup.cs,C#,WebVella.Erp.Plugins.Next; WebVella.Erp.Plugins.SDK; WebVella.Erp.Web; WebVella.Erp.Web.Middleware; Newtonsoft.Json; Microsoft.AspNetCore.Builder; (+10 more),108,2023-01-04,ASP.NET Core startup: services & middleware pipeline configuration,Low (CC~5)
Site: Sdk,WebVella.Erp.Site.Sdk/WebVella.Erp.Site.Sdk.csproj,MSBuild/XML (.csproj),-> ..\WebVella.Erp.Plugins.Next\WebVella.Erp.Plugins.Next; -> ..\WebVella.Erp.Plugins.SDK\WebVella.Erp.Plugins.SDK; -> ..\WebVella.Erp.Web\WebVella.Erp.Web; -> ..\WebVella.Erp\WebVella.Erp; Microsoft.AspNetCore.Mvc.NewtonsoftJson 9.0.10,18,2026-01-20,"MSBuild project file (Sdk.Web, net9.0) for Site: Sdk",Low (CC~1)
Site: Erp,WebVella.Erp.Site/Config.json,JSON,ConnectionString; Jwt,36,2025-04-27,"Host runtime configuration (connection string, encryption key, JWT secret) for Site: Erp",Low (CC~1)
Site: Erp,WebVella.Erp.Site/Pages/EQL.cshtml,Razor (.cshtml),@page; model:WebVella.Erp.Site.Pages.EqlModel,31,2019-01-22,Razor Page view,Low (CC~1)
Site: Erp,WebVella.Erp.Site/Pages/EQL.cshtml.cs,C#,WebVella.Erp.Api; WebVella.Erp.Api.Models; WebVella.Erp.Database; WebVella.Erp.Eql; WebVella.Erp.Hooks; WebVella.Erp.Web.Hooks; (+7 more),132,2019-01-22,Razor Page model (code-behind / page handler),Low (CC~9)
Site: Erp,WebVella.Erp.Site/Pages/debug.cshtml,Razor (.cshtml),@page; model:WebVella.Erp.Web.Pages.DebugModel; using:WebVella.Erp.Web; using:WebVella.Erp.Web.Components; using:WebVella.Erp.Web.Services; addTagHelper,90,2019-03-27,Razor Page view,Low (CC~1)
Site: Erp,WebVella.Erp.Site/Pages/debug.cshtml.cs,C#,WebVella.Erp.Web.Models; WebVella.Erp.Web.Services; WebVella.Erp.Web.Utils; Newtonsoft.Json; Microsoft.AspNetCore.Mvc; Microsoft.AspNetCore.Mvc.RazorPages; (+2 more),25,2019-03-12,Razor Page model (code-behind / page handler),Low (CC~2)
Site: Erp,WebVella.Erp.Site/Pages/search.cshtml,Razor (.cshtml),@page; model:WebVella.Erp.Site.Pages.SearchModel,26,2019-02-27,Razor Page view,Low (CC~3)
Site: Erp,WebVella.Erp.Site/Pages/search.cshtml.cs,C#,WebVella.Erp.Api; WebVella.Erp.Api.Models; WebVella.Erp.Web.Models,25,2019-02-27,Razor Page model (code-behind / page handler),Low (CC~2)
Site: Erp,WebVella.Erp.Site/Program.cs,C#,Microsoft.AspNetCore.Hosting; System.IO,17,2019-01-22,Application entry point / host bootstrap,Low (CC~1)
Site: Erp,WebVella.Erp.Site/Properties/AppSettings.cs,C#,System.Collections.Generic; System.Linq; System.Threading.Tasks,11,2019-01-22,C# source component,Low (CC~1)
Site: Erp,WebVella.Erp.Site/Startup.cs,C#,WebVella.Erp.Plugins.SDK; WebVella.Erp.Web; WebVella.Erp.Web.Middleware; Newtonsoft.Json; Microsoft.AspNetCore.Builder; Microsoft.AspNetCore.Hosting; (+14 more),152,2024-06-10,ASP.NET Core startup: services & middleware pipeline configuration,Low (CC~8)
Site: Erp,WebVella.Erp.Site/WebVella.Erp.Site.csproj,MSBuild/XML (.csproj),-> ..\WebVella.Erp.Plugins.SDK\WebVella.Erp.Plugins.SDK; -> ..\WebVella.Erp.Web\WebVella.Erp.Web; -> ..\WebVella.Erp\WebVella.Erp; Microsoft.AspNetCore.Mvc.NewtonsoftJson 9.0.10; Microsoft.Web.LibraryManager.Build 3.0.71; System.Linq 4.3.0; System.Threading 4.3.0; MimeMapping 3.1.0; Newtonsoft.Json 13.0.4; morelinq 4.4.0; Microsoft.AspNetCore.Authentication.JwtBearer 9.0.10,70,2025-10-21,"MSBuild project file (Sdk.Web, net9.0) for Site: Erp",Low (CC~2)
Web (WebVella.Erp.Web),WebVella.Erp.Web/Components/ApplicationMenu/ApplicationMenu.cs,C#,WebVella.Erp.Web.Models; WebVella.Erp.Web.Services; System; System.Collections.Generic; System.Linq; System.Threading.Tasks,28,2020-02-04,Page-builder component implementation,Low (CC~2)
Web (WebVella.Erp.Web),WebVella.Erp.Web/Components/ApplicationMenu/ApplicationMenu.cshtml,Razor (.cshtml),using:WebVella.Erp.Web.Models; addTagHelper,13,2019-08-23,Page-builder component Razor view,Low (CC~4)
Web (WebVella.Erp.Web),WebVella.Erp.Web/Components/BodyBottomIncludes/BodyBottomIncludes.cs,C#,WebVella.Erp.Web.Hooks; WebVella.Erp.Web.Models; WebVella.Erp.Web.Services; System; System.Collections.Generic; System.Linq; (+1 more),40,2019-04-18,Page-builder component implementation,Low (CC~2)
Web (WebVella.Erp.Web),WebVella.Erp.Web/Components/BodyBottomIncludes/Default.cshtml,Razor (.cshtml),using:WebVella.Erp.Web.Models; using:WebVella.Erp.Web.Utils,10,2019-01-22,Page-builder component Razor view,Low (CC~3)
Web (WebVella.Erp.Web),WebVella.Erp.Web/Components/BodyTopIncludes/BodyTopIncludes.cs,C#,WebVella.Erp.Web.Hooks; WebVella.Erp.Web.Models; WebVella.Erp.Web.Services; System; System.Collections.Generic; System.Linq; (+1 more),30,2019-07-13,Page-builder component implementation,Low (CC~2)
Web (WebVella.Erp.Web),WebVella.Erp.Web/Components/BodyTopIncludes/Default.cshtml,Razor (.cshtml),using:WebVella.Erp.Web.Models; using:WebVella.Erp.Web.Utils,10,2019-01-22,Page-builder component Razor view,Low (CC~3)
Web (WebVella.Erp.Web),WebVella.Erp.Web/Components/HeadBottomIncludes/Default.cshtml,Razor (.cshtml),using:WebVella.Erp.Web.Models; using:WebVella.Erp.Web.Utils,16,2019-01-22,Page-builder component Razor view,Low (CC~5)
Web (WebVella.Erp.Web),WebVella.Erp.Web/Components/HeadBottomIncludes/HeadBottomIncludes.cs,C#,WebVella.Erp.Web.Hooks; WebVella.Erp.Web.Models; WebVella.Erp.Web.Services; System; System.Collections.Generic; System.Linq; (+1 more),91,2021-04-01,Page-builder component implementation,Low (CC~8)
Web (WebVella.Erp.Web),WebVella.Erp.Web/Components/HeadTopIncludes/Default.cshtml,Razor (.cshtml),using:WebVella.Erp.Web.Models; using:WebVella.Erp.Web.Utils,26,2019-01-22,Page-builder component Razor view,Low (CC~9)
Web (WebVella.Erp.Web),WebVella.Erp.Web/Components/HeadTopIncludes/HeadTopIncludes.cs,C#,WebVella.Erp.Web.Hooks; WebVella.Erp.Web.Models; WebVella.Erp.Web.Services; System; System.Collections.Generic; System.Linq; (+1 more),98,2025-09-13,Page-builder component implementation,Watch (CC~15)
Web (WebVella.Erp.Web),WebVella.Erp.Web/Components/Nav/Nav.Default.cshtml,Razor (.cshtml),using:WebVella.Erp.Web.Models; using:Newtonsoft.Json; addTagHelper,40,2019-08-23,Page-builder component Razor view,Low (CC~3)
Web (WebVella.Erp.Web),WebVella.Erp.Web/Components/Nav/NavViewComponent.cs,C#,WebVella.Erp.Web.Models; WebVella.Erp.Web.Services; Newtonsoft.Json; System; System.Collections.Generic; System.Linq; (+1 more),80,2025-01-14,Page-builder component implementation,Watch (CC~11)
Web (WebVella.Erp.Web),WebVella.Erp.Web/Components/Nav/script.js,JavaScript,jQuery,43,2020-02-04,Tag-helper / component client-side script,Low (CC~6)
Web (WebVella.Erp.Web),WebVella.Erp.Web/Components/NodeNav/NodeNav.Default.cshtml,Razor (.cshtml),using:WebVella.Erp.Web.Models; using:System.Linq,75,2019-02-28,Page-builder component Razor view,High (CC~23)
Web (WebVella.Erp.Web),WebVella.Erp.Web/Components/NodeNav/NodeNavViewComponent.cs,C#,(no using directives),1,2019-02-06,Page-builder component implementation,Watch (CC~15)
Web (WebVella.Erp.Web),WebVella.Erp.Web/Components/PcApplications/Design.cshtml,Razor (.cshtml),using:WebVella.Erp.Web.Components; using:WebVella.Erp.Web.Models; addTagHelper,63,2019-03-02,Page-builder component Razor view,Watch (CC~14)
Web (WebVella.Erp.Web),WebVella.Erp.Web/Components/PcApplications/Display.cshtml,Razor (.cshtml),using:WebVella.Erp.Web.Components; using:WebVella.Erp.Web.Models; addTagHelper,71,2019-12-09,Page-builder component Razor view,Watch (CC~14)
Web (WebVella.Erp.Web),WebVella.Erp.Web/Components/PcApplications/Error.cshtml,Razor (.cshtml),using:WebVella.Erp.Exceptions; using:WebVella.Erp.Web.Utils; addTagHelper,9,2020-02-04,Page-builder component Razor view,Low (CC~1)
Web (WebVella.Erp.Web),WebVella.Erp.Web/Components/PcApplications/Help.cshtml,Razor (.cshtml),(markup/partial),1,2019-01-22,Page-builder component Razor view,Low (CC~1)
Web (WebVella.Erp.Web),WebVella.Erp.Web/Components/PcApplications/Options.cshtml,Razor (.cshtml),(markup/partial),1,2019-01-22,Page-builder component Razor view,Low (CC~1)
Web (WebVella.Erp.Web),WebVella.Erp.Web/Components/PcApplications/PcApplications.cs,C#,WebVella.Erp.Exceptions; WebVella.Erp.Web.Models; WebVella.Erp.Web.Services; WebVella.Erp.Web.Utils; Newtonsoft.Json; System; (+3 more),123,2019-10-08,Page-builder component implementation,High (CC~21)
Web (WebVella.Erp.Web),WebVella.Erp.Web/Components/PcApplications/service.js,JavaScript,WebVella,1,2019-12-09,Page-builder component client-side service script,Watch (CC~13)
Web (WebVella.Erp.Web),WebVella.Erp.Web/Components/PcBtnGroup/Design.cshtml,Razor (.cshtml),using:WebVella.Erp.Web.Utils; using:WebVella.Erp.Web.Components; using:WebVella.Erp.Web.Models; addTagHelper,13,2019-10-08,Page-builder component Razor view,Low (CC~1)
Web (WebVella.Erp.Web),WebVella.Erp.Web/Components/PcBtnGroup/Display.cshtml,Razor (.cshtml),using:WebVella.Erp.Web.Components; using:WebVella.Erp.Web.Models; using:WebVella.Erp.Web.Utils; addTagHelper,28,2019-10-08,Page-builder component Razor view,Low (CC~5)
Web (WebVella.Erp.Web),WebVella.Erp.Web/Components/PcBtnGroup/Error.cshtml,Razor (.cshtml),using:WebVella.Erp.Exceptions; using:WebVella.Erp.Web.Utils; addTagHelper,9,2019-10-08,Page-builder component Razor view,Low (CC~1)
Web (WebVella.Erp.Web),WebVella.Erp.Web/Components/PcBtnGroup/Help.cshtml,Razor (.cshtml),(markup/partial),27,2019-01-22,Page-builder component Razor view,Low (CC~1)
Web (WebVella.Erp.Web),WebVella.Erp.Web/Components/PcBtnGroup/Options.cshtml,Razor (.cshtml),using:WebVella.Erp.Web.Components; using:WebVella.Erp.Api.Models; using:WebVella.Erp.Web; addTagHelper,32,2019-10-08,Page-builder component Razor view,Low (CC~1)
Web (WebVella.Erp.Web),WebVella.Erp.Web/Components/PcBtnGroup/PcBtnGroup.cs,C#,WebVella.Erp.Exceptions; WebVella.Erp.Web.Models; WebVella.Erp.Web.Services; WebVella.Erp.Web.Utils; WebVella.TagHelpers.Models; Newtonsoft.Json; (+4 more),123,2019-10-08,Page-builder component implementation,High (CC~17)
Web (WebVella.Erp.Web),WebVella.Erp.Web/Components/PcBtnGroup/service.js,JavaScript,WebVella,1,2019-12-09,Page-builder component client-side service script,Watch (CC~13)
Web (WebVella.Erp.Web),WebVella.Erp.Web/Components/PcBtnToolbar/Design.cshtml,Razor (.cshtml),using:WebVella.Erp.Web.Utils; using:WebVella.Erp.Web.Components; using:WebVella.Erp.Web.Models; addTagHelper,13,2019-10-08,Page-builder component Razor view,Low (CC~1)
Web (WebVella.Erp.Web),WebVella.Erp.Web/Components/PcBtnToolbar/Display.cshtml,Razor (.cshtml),using:WebVella.Erp.Web.Components; using:WebVella.Erp.Web.Models; using:WebVella.Erp.Web.Utils; addTagHelper,28,2019-10-08,Page-builder component Razor view,Low (CC~5)
Web (WebVella.Erp.Web),WebVella.Erp.Web/Components/PcBtnToolbar/Error.cshtml,Razor (.cshtml),using:WebVella.Erp.Exceptions; using:WebVella.Erp.Web.Utils; addTagHelper,9,2019-10-08,Page-builder component Razor view,Low (CC~1)
Web (WebVella.Erp.Web),WebVella.Erp.Web/Components/PcBtnToolbar/Help.cshtml,Razor (.cshtml),(markup/partial),27,2019-01-22,Page-builder component Razor view,Low (CC~1)
Web (WebVella.Erp.Web),WebVella.Erp.Web/Components/PcBtnToolbar/Options.cshtml,Razor (.cshtml),using:WebVella.Erp.Web.Utils; using:WebVella.Erp.Web.Components; using:WebVella.Erp.Api.Models; addTagHelper,32,2019-10-08,Page-builder component Razor view,Low (CC~1)
Web (WebVella.Erp.Web),WebVella.Erp.Web/Components/PcBtnToolbar/PcBtnToolbar.cs,C#,WebVella.Erp.Exceptions; WebVella.Erp.Web.Models; WebVella.Erp.Web.Services; WebVella.Erp.Web.Utils; WebVella.TagHelpers.Models; Newtonsoft.Json; (+4 more),123,2019-10-08,Page-builder component implementation,High (CC~17)
Web (WebVella.Erp.Web),WebVella.Erp.Web/Components/PcBtnToolbar/service.js,JavaScript,WebVella,1,2019-12-09,Page-builder component client-side service script,Watch (CC~13)
Web (WebVella.Erp.Web),WebVella.Erp.Web/Components/PcButton/Design.cshtml,Razor (.cshtml),using:WebVella.Erp.Web.Utils; using:WebVella.Erp.Web.Components; using:WebVella.Erp.Web.Models; addTagHelper,18,2019-10-08,Page-builder component Razor view,Low (CC~1)
Web (WebVella.Erp.Web),WebVella.Erp.Web/Components/PcButton/Display.cshtml,Razor (.cshtml),using:WebVella.Erp.Web.Utils; using:WebVella.Erp.Web.Components; using:WebVella.Erp.Web.Models; addTagHelper,16,2019-10-08,Page-builder component Razor view,Low (CC~1)
Web (WebVella.Erp.Web),WebVella.Erp.Web/Components/PcButton/Error.cshtml,Razor (.cshtml),using:WebVella.Erp.Web.Utils; using:WebVella.Erp.Exceptions; addTagHelper,9,2019-10-08,Page-builder component Razor view,Low (CC~1)
Web (WebVella.Erp.Web),WebVella.Erp.Web/Components/PcButton/Help.cshtml,Razor (.cshtml),(markup/partial),1,2019-01-22,Page-builder component Razor view,Low (CC~1)
Web (WebVella.Erp.Web),WebVella.Erp.Web/Components/PcButton/Options.cshtml,Razor (.cshtml),using:WebVella.Erp.Web.Utils; using:WebVella.Erp.Web.Components; using:WebVella.TagHelpers.Models; addTagHelper,77,2019-10-08,Page-builder component Razor view,Low (CC~1)
Web (WebVella.Erp.Web),WebVella.Erp.Web/Components/PcButton/PcButton.cs,C#,WebVella.Erp.Exceptions; WebVella.Erp.Web.Models; WebVella.Erp.Web.Services; WebVella.Erp.Web.Utils; WebVella.TagHelpers.Models; Newtonsoft.Json; (+4 more),154,2019-10-08,Page-builder component implementation,High (CC~17)
Web (WebVella.Erp.Web),WebVella.Erp.Web/Components/PcButton/service.js,JavaScript,WebVella,1,2019-12-09,Page-builder component client-side service script,Watch (CC~13)
Web (WebVella.Erp.Web),WebVella.Erp.Web/Components/PcChart/Design.cshtml,Razor (.cshtml),using:WebVella.Erp.Web.Utils; using:WebVella.Erp.Web.Components; using:WebVella.Erp.Web.Models; addTagHelper,20,2019-10-08,Page-builder component Razor view,Low (CC~1)
Web (WebVella.Erp.Web),WebVella.Erp.Web/Components/PcChart/Display.cshtml,Razor (.cshtml),using:WebVella.Erp.Web.Utils; using:WebVella.Erp.Web.Components; using:WebVella.Erp.Web.Models; addTagHelper,18,2019-10-08,Page-builder component Razor view,Low (CC~1)
Web (WebVella.Erp.Web),WebVella.Erp.Web/Components/PcChart/Error.cshtml,Razor (.cshtml),using:WebVella.Erp.Web.Utils; using:WebVella.Erp.Exceptions; addTagHelper,9,2019-10-08,Page-builder component Razor view,Low (CC~1)
Web (WebVella.Erp.Web),WebVella.Erp.Web/Components/PcChart/Help.cshtml,Razor (.cshtml),(markup/partial),4,2019-01-22,Page-builder component Razor view,Low (CC~1)
Web (WebVella.Erp.Web),WebVella.Erp.Web/Components/PcChart/Options.cshtml,Razor (.cshtml),using:WebVella.Erp.Web.Utils; using:WebVella.Erp.Api.Models; using:WebVella.Erp.Web; addTagHelper,45,2019-10-08,Page-builder component Razor view,Low (CC~1)
Web (WebVella.Erp.Web),WebVella.Erp.Web/Components/PcChart/PcChart.cs,C#,WebVella.Erp.Exceptions; WebVella.Erp.Web.Models; WebVella.Erp.Web.Services; WebVella.Erp.Web.Utils; WebVella.TagHelpers.Models; Newtonsoft.Json; (+4 more),196,2019-10-08,Page-builder component implementation,Split (CC~40)
Web (WebVella.Erp.Web),WebVella.Erp.Web/Components/PcChart/service.js,JavaScript,WebVella,1,2019-12-09,Page-builder component client-side service script,Watch (CC~13)
Web (WebVella.Erp.Web),WebVella.Erp.Web/Components/PcDrawer/Design.cshtml,Razor (.cshtml),using:WebVella.Erp.Web.Utils; using:WebVella.Erp.Web.Components; using:WebVella.Erp.Web.Models; addTagHelper,13,2019-10-08,Page-builder component Razor view,Low (CC~1)
Web (WebVella.Erp.Web),WebVella.Erp.Web/Components/PcDrawer/Display.cshtml,Razor (.cshtml),using:WebVella.Erp.Web.Utils; using:WebVella.Erp.Web.Components; using:WebVella.Erp.Web.Models; addTagHelper,29,2019-10-08,Page-builder component Razor view,Low (CC~5)
Web (WebVella.Erp.Web),WebVella.Erp.Web/Components/PcDrawer/Error.cshtml,Razor (.cshtml),using:WebVella.Erp.Web.Utils; using:WebVella.Erp.Exceptions; addTagHelper,9,2019-10-08,Page-builder component Razor view,Low (CC~1)
Web (WebVella.Erp.Web),WebVella.Erp.Web/Components/PcDrawer/Help.cshtml,Razor (.cshtml),(markup/partial),27,2019-01-22,Page-builder component Razor view,Low (CC~1)
Web (WebVella.Erp.Web),WebVella.Erp.Web/Components/PcDrawer/Options.cshtml,Razor (.cshtml),using:WebVella.Erp.Web.Utils; using:WebVella.Erp.Web.Components; using:WebVella.Erp.Api.Models; addTagHelper,33,2019-10-08,Page-builder component Razor view,Low (CC~1)
Web (WebVella.Erp.Web),WebVella.Erp.Web/Components/PcDrawer/PcDrawer.cs,C#,WebVella.Erp.Exceptions; WebVella.Erp.Web.Models; WebVella.Erp.Web.Services; WebVella.Erp.Web.Utils; Newtonsoft.Json; System; (+3 more),124,2019-10-08,Page-builder component implementation,High (CC~17)
Web (WebVella.Erp.Web),WebVella.Erp.Web/Components/PcDrawer/service.js,JavaScript,WebVella,1,2019-12-09,Page-builder component client-side service script,Watch (CC~13)
Web (WebVella.Erp.Web),WebVella.Erp.Web/Components/PcFieldAutonumber/Design.cshtml,Razor (.cshtml),using:WebVella.Erp.Web.Utils; using:WebVella.Erp.Web.Components; using:WebVella.Erp.Web.Models; addTagHelper,25,2021-06-21,Page-builder component Razor view,Low (CC~2)
Web (WebVella.Erp.Web),WebVella.Erp.Web/Components/PcFieldAutonumber/Display.cshtml,Razor (.cshtml),using:WebVella.Erp.Web.Utils; using:WebVella.Erp.Web.Components; using:WebVella.Erp.Web.Models; addTagHelper,24,2021-06-21,Page-builder component Razor view,Low (CC~2)
Web (WebVella.Erp.Web),WebVella.Erp.Web/Components/PcFieldAutonumber/Error.cshtml,Razor (.cshtml),using:WebVella.Erp.Web.Utils; using:WebVella.Erp.Exceptions; addTagHelper,9,2019-10-08,Page-builder component Razor view,Low (CC~1)
Web (WebVella.Erp.Web),WebVella.Erp.Web/Components/PcFieldAutonumber/Help.cshtml,Razor (.cshtml),(markup/partial),1,2019-01-22,Page-builder component Razor view,Low (CC~1)
Web (WebVella.Erp.Web),WebVella.Erp.Web/Components/PcFieldAutonumber/Options.cshtml,Razor (.cshtml),using:WebVella.Erp.Web.Utils; using:WebVella.Erp.Web.Components; using:WebVella.Erp.Web.Models; addTagHelper,72,2021-06-21,Page-builder component Razor view,Low (CC~2)
Web (WebVella.Erp.Web),WebVella.Erp.Web/Components/PcFieldAutonumber/PcFieldAutonumber.cs,C#,WebVella.Erp.Api; WebVella.Erp.Api.Models; WebVella.Erp.Exceptions; WebVella.Erp.Web.Models; WebVella.Erp.Web.Services; WebVella.TagHelpers.Models; (+5 more),167,2022-01-27,Page-builder component implementation,Split (CC~34)
Web (WebVella.Erp.Web),WebVella.Erp.Web/Components/PcFieldAutonumber/service.js,JavaScript,WebVella,1,2019-12-09,Page-builder component client-side service script,Watch (CC~13)
Web (WebVella.Erp.Web),WebVella.Erp.Web/Components/PcFieldBase/PcFieldBase.cs,C#,WebVella.Erp.Api; WebVella.Erp.Api.Models; WebVella.Erp.Exceptions; WebVella.Erp.Web.Models; WebVella.Erp.Web.Services; WebVella.Erp.Web.Utils; (+5 more),581,2025-01-14,Page-builder component implementation,Split (CC~96)
Web (WebVella.Erp.Web),WebVella.Erp.Web/Components/PcFieldCheckbox/Design.cshtml,Razor (.cshtml),using:WebVella.Erp.Web.Utils; using:WebVella.Erp.Web.Components; using:WebVella.Erp.Web.Models; addTagHelper,25,2021-06-21,Page-builder component Razor view,Low (CC~2)
Web (WebVella.Erp.Web),WebVella.Erp.Web/Components/PcFieldCheckbox/Display.cshtml,Razor (.cshtml),using:WebVella.Erp.Web.Utils; using:WebVella.Erp.Web.Components; using:WebVella.Erp.Web.Models; addTagHelper,24,2021-06-21,Page-builder component Razor view,Low (CC~2)
Web (WebVella.Erp.Web),WebVella.Erp.Web/Components/PcFieldCheckbox/Error.cshtml,Razor (.cshtml),using:WebVella.Erp.Web.Utils; using:WebVella.Erp.Exceptions; addTagHelper,9,2019-10-08,Page-builder component Razor view,Low (CC~1)
Web (WebVella.Erp.Web),WebVella.Erp.Web/Components/PcFieldCheckbox/Help.cshtml,Razor (.cshtml),(markup/partial),1,2019-01-22,Page-builder component Razor view,Low (CC~1)
Web (WebVella.Erp.Web),WebVella.Erp.Web/Components/PcFieldCheckbox/Options.cshtml,Razor (.cshtml),using:WebVella.Erp.Web.Utils; using:WebVella.Erp.Web.Components; using:WebVella.Erp.Web.Models; addTagHelper,86,2021-06-21,Page-builder component Razor view,Low (CC~2)
Web (WebVella.Erp.Web),WebVella.Erp.Web/Components/PcFieldCheckbox/PcFieldCheckbox.cs,C#,WebVella.Erp.Exceptions; WebVella.Erp.Web.Models; WebVella.Erp.Web.Services; WebVella.TagHelpers.Models; Newtonsoft.Json; System; (+1 more),193,2021-06-21,Page-builder component implementation,Split (CC~45)
Web (WebVella.Erp.Web),WebVella.Erp.Web/Components/PcFieldCheckbox/service.js,JavaScript,WebVella,1,2019-12-09,Page-builder component client-side service script,Watch (CC~13)
Web (WebVella.Erp.Web),WebVella.Erp.Web/Components/PcFieldCheckboxGrid/Design.cshtml,Razor (.cshtml),using:WebVella.Erp.Web.Utils; using:WebVella.Erp.Web.Components; using:WebVella.Erp.Web.Models; addTagHelper,26,2019-10-08,Page-builder component Razor view,Low (CC~2)
Web (WebVella.Erp.Web),WebVella.Erp.Web/Components/PcFieldCheckboxGrid/Display.cshtml,Razor (.cshtml),using:WebVella.Erp.Web.Utils; using:WebVella.Erp.Web.Components; using:WebVella.Erp.Web.Models; addTagHelper,24,2019-10-08,Page-builder component Razor view,Low (CC~2)
Web (WebVella.Erp.Web),WebVella.Erp.Web/Components/PcFieldCheckboxGrid/Error.cshtml,Razor (.cshtml),using:WebVella.Erp.Web.Utils; using:WebVella.Erp.Exceptions; addTagHelper,9,2019-10-08,Page-builder component Razor view,Low (CC~1)
Web (WebVella.Erp.Web),WebVella.Erp.Web/Components/PcFieldCheckboxGrid/Help.cshtml,Razor (.cshtml),(markup/partial),1,2019-01-22,Page-builder component Razor view,Low (CC~1)
Web (WebVella.Erp.Web),WebVella.Erp.Web/Components/PcFieldCheckboxGrid/Options.cshtml,Razor (.cshtml),using:WebVella.Erp.Web.Utils; using:WebVella.Erp.Web.Components; using:WebVella.Erp.Web.Models; addTagHelper,89,2019-10-08,Page-builder component Razor view,Low (CC~2)
Web (WebVella.Erp.Web),WebVella.Erp.Web/Components/PcFieldCheckboxGrid/PcFieldCheckboxGrid.cs,C#,WebVella.Erp.Api.Models; WebVella.Erp.Exceptions; WebVella.Erp.Web.Models; WebVella.Erp.Web.Services; WebVella.TagHelpers.Models; Newtonsoft.Json; (+3 more),279,2019-11-13,Page-builder component implementation,Split (CC~64)
Web (WebVella.Erp.Web),WebVella.Erp.Web/Components/PcFieldCheckboxGrid/service.js,JavaScript,WebVella,1,2019-12-09,Page-builder component client-side service script,Watch (CC~13)
Web (WebVella.Erp.Web),WebVella.Erp.Web/Components/PcFieldCheckboxList/Design.cshtml,Razor (.cshtml),using:WebVella.Erp.Web.Utils; using:WebVella.Erp.Web.Components; using:WebVella.Erp.Web.Models; addTagHelper,25,2019-10-08,Page-builder component Razor view,Low (CC~2)
Web (WebVella.Erp.Web),WebVella.Erp.Web/Components/PcFieldCheckboxList/Display.cshtml,Razor (.cshtml),using:WebVella.Erp.Web.Utils; using:WebVella.Erp.Web.Components; using:WebVella.Erp.Web.Models; addTagHelper,24,2019-10-08,Page-builder component Razor view,Low (CC~2)
Web (WebVella.Erp.Web),WebVella.Erp.Web/Components/PcFieldCheckboxList/Error.cshtml,Razor (.cshtml),using:WebVella.Erp.Web.Utils; using:WebVella.Erp.Exceptions; addTagHelper,9,2019-10-08,Page-builder component Razor view,Low (CC~1)
Web (WebVella.Erp.Web),WebVella.Erp.Web/Components/PcFieldCheckboxList/Help.cshtml,Razor (.cshtml),(markup/partial),1,2019-01-22,Page-builder component Razor view,Low (CC~1)
Web (WebVella.Erp.Web),WebVella.Erp.Web/Components/PcFieldCheckboxList/Options.cshtml,Razor (.cshtml),using:WebVella.Erp.Web.Utils; using:WebVella.Erp.Web; using:WebVella.Erp.Web.Components; addTagHelper,77,2019-10-08,Page-builder component Razor view,Low (CC~2)
Web (WebVella.Erp.Web),WebVella.Erp.Web/Components/PcFieldCheckboxList/PcFieldCheckboxList.cs,C#,WebVella.Erp.Api.Models; WebVella.Erp.Exceptions; WebVella.Erp.Web.Models; WebVella.Erp.Web.Services; WebVella.TagHelpers.Models; Newtonsoft.Json; (+3 more),240,2019-11-13,Page-builder component implementation,Split (CC~56)
Web (WebVella.Erp.Web),WebVella.Erp.Web/Components/PcFieldCheckboxList/service.js,JavaScript,WebVella,1,2019-12-09,Page-builder component client-side service script,Watch (CC~13)
Web (WebVella.Erp.Web),WebVella.Erp.Web/Components/PcFieldCode/Design.cshtml,Razor (.cshtml),using:WebVella.Erp.Web.Utils; using:WebVella.Erp.Web.Components; using:WebVella.Erp.Web.Models; addTagHelper,26,2019-10-08,Page-builder component Razor view,Low (CC~2)
Web (WebVella.Erp.Web),WebVella.Erp.Web/Components/PcFieldCode/Display.cshtml,Razor (.cshtml),using:WebVella.Erp.Web.Utils; using:WebVella.Erp.Web.Components; using:WebVella.Erp.Web.Models; addTagHelper,24,2019-10-08,Page-builder component Razor view,Low (CC~2)
Web (WebVella.Erp.Web),WebVella.Erp.Web/Components/PcFieldCode/Error.cshtml,Razor (.cshtml),using:WebVella.Erp.Web.Utils; using:WebVella.Erp.Exceptions; addTagHelper,9,2019-10-08,Page-builder component Razor view,Low (CC~1)
Web (WebVella.Erp.Web),WebVella.Erp.Web/Components/PcFieldCode/Help.cshtml,Razor (.cshtml),(markup/partial),1,2019-01-22,Page-builder component Razor view,Low (CC~1)
Web (WebVella.Erp.Web),WebVella.Erp.Web/Components/PcFieldCode/Options.cshtml,Razor (.cshtml),using:WebVella.Erp.Web.Utils; using:WebVella.Erp.Web.Components; using:WebVella.Erp.Web.Models; addTagHelper,83,2019-10-08,Page-builder component Razor view,Low (CC~2)
Web (WebVella.Erp.Web),WebVella.Erp.Web/Components/PcFieldCode/PcFieldCode.cs,C#,WebVella.Erp.Exceptions; WebVella.Erp.Web.Models; WebVella.Erp.Web.Services; WebVella.TagHelpers.Models; Newtonsoft.Json; System; (+2 more),161,2019-11-13,Page-builder component implementation,High (CC~30)
Web (WebVella.Erp.Web),WebVella.Erp.Web/Components/PcFieldCode/service.js,JavaScript,WebVella,1,2019-12-09,Page-builder component client-side service script,Watch (CC~13)
Web (WebVella.Erp.Web),WebVella.Erp.Web/Components/PcFieldColor/Design.cshtml,Razor (.cshtml),using:WebVella.Erp.Web.Utils; using:WebVella.Erp.Web.Components; using:WebVella.Erp.Web.Models; addTagHelper,25,2019-10-08,Page-builder component Razor view,Low (CC~2)
Web (WebVella.Erp.Web),WebVella.Erp.Web/Components/PcFieldColor/Display.cshtml,Razor (.cshtml),using:WebVella.Erp.Web.Utils; using:WebVella.Erp.Web.Components; using:WebVella.Erp.Web.Models; addTagHelper,24,2019-10-08,Page-builder component Razor view,Low (CC~2)
Web (WebVella.Erp.Web),WebVella.Erp.Web/Components/PcFieldColor/Error.cshtml,Razor (.cshtml),using:WebVella.Erp.Web.Utils; using:WebVella.Erp.Exceptions; addTagHelper,9,2019-10-08,Page-builder component Razor view,Low (CC~1)
Web (WebVella.Erp.Web),WebVella.Erp.Web/Components/PcFieldColor/Help.cshtml,Razor (.cshtml),(markup/partial),1,2019-01-22,Page-builder component Razor view,Low (CC~1)
Web (WebVella.Erp.Web),WebVella.Erp.Web/Components/PcFieldColor/Options.cshtml,Razor (.cshtml),using:WebVella.Erp.Web.Utils; using:WebVella.Erp.Web.Components; using:WebVella.Erp.Web.Models; addTagHelper,72,2019-10-08,Page-builder component Razor view,Low (CC~2)
Web (WebVella.Erp.Web),WebVella.Erp.Web/Components/PcFieldColor/PcFieldColor.cs,C#,WebVella.Erp.Exceptions; WebVella.Erp.Web.Models; WebVella.Erp.Web.Services; WebVella.TagHelpers.Models; Newtonsoft.Json; System; (+2 more),152,2019-11-13,Page-builder component implementation,High (CC~30)
Web (WebVella.Erp.Web),WebVella.Erp.Web/Components/PcFieldColor/service.js,JavaScript,WebVella,1,2019-12-09,Page-builder component client-side service script,Watch (CC~13)
Web (WebVella.Erp.Web),WebVella.Erp.Web/Components/PcFieldCurrency/Design.cshtml,Razor (.cshtml),using:WebVella.Erp.Web.Utils; using:WebVella.Erp.Web.Components; using:WebVella.Erp.Web.Models; addTagHelper,31,2021-06-21,Page-builder component Razor view,Low (CC~4)
Web (WebVella.Erp.Web),WebVella.Erp.Web/Components/PcFieldCurrency/Display.cshtml,Razor (.cshtml),using:WebVella.Erp.Web.Utils; using:WebVella.Erp.Web.Components; using:WebVella.Erp.Web.Models; addTagHelper,29,2021-06-21,Page-builder component Razor view,Low (CC~4)
Web (WebVella.Erp.Web),WebVella.Erp.Web/Components/PcFieldCurrency/Error.cshtml,Razor (.cshtml),using:WebVella.Erp.Web.Utils; using:WebVella.Erp.Exceptions; addTagHelper,9,2019-10-08,Page-builder component Razor view,Low (CC~1)
Web (WebVella.Erp.Web),WebVella.Erp.Web/Components/PcFieldCurrency/Help.cshtml,Razor (.cshtml),(markup/partial),1,2019-01-22,Page-builder component Razor view,Low (CC~1)
Web (WebVella.Erp.Web),WebVella.Erp.Web/Components/PcFieldCurrency/Options.cshtml,Razor (.cshtml),using:WebVella.Erp.Web.Utils; using:WebVella.Erp.Web; using:WebVella.Erp.Web.Components; addTagHelper,97,2021-06-21,Page-builder component Razor view,Low (CC~2)
Web (WebVella.Erp.Web),WebVella.Erp.Web/Components/PcFieldCurrency/PcFieldCurrency.cs,C#,WebVella.Erp.Api; WebVella.Erp.Api.Models; WebVella.Erp.Exceptions; WebVella.Erp.Web.Models; WebVella.Erp.Web.Services; WebVella.TagHelpers.Models; (+5 more),176,2022-09-17,Page-builder component implementation,Split (CC~36)
Web (WebVella.Erp.Web),WebVella.Erp.Web/Components/PcFieldCurrency/service.js,JavaScript,WebVella,1,2019-12-09,Page-builder component client-side service script,Watch (CC~13)
Web (WebVella.Erp.Web),WebVella.Erp.Web/Components/PcFieldDataCsv/Design.cshtml,Razor (.cshtml),using:WebVella.Erp.Web.Utils; using:WebVella.Erp.Web.Components; using:WebVella.Erp.Web.Models; addTagHelper,30,2020-01-14,Page-builder component Razor view,Low (CC~4)
Web (WebVella.Erp.Web),WebVella.Erp.Web/Components/PcFieldDataCsv/Display.cshtml,Razor (.cshtml),using:WebVella.Erp.Web.Utils; using:WebVella.Erp.Web.Components; using:WebVella.Erp.Web.Models; addTagHelper,31,2020-01-14,Page-builder component Razor view,Low (CC~6)
Web (WebVella.Erp.Web),WebVella.Erp.Web/Components/PcFieldDataCsv/Error.cshtml,Razor (.cshtml),using:WebVella.Erp.Web.Utils; using:WebVella.Erp.Exceptions; addTagHelper,9,2019-10-08,Page-builder component Razor view,Low (CC~1)
Web (WebVella.Erp.Web),WebVella.Erp.Web/Components/PcFieldDataCsv/Help.cshtml,Razor (.cshtml),(markup/partial),3,2019-10-08,Page-builder component Razor view,Low (CC~1)
Web (WebVella.Erp.Web),WebVella.Erp.Web/Components/PcFieldDataCsv/Options.cshtml,Razor (.cshtml),using:WebVella.Erp.Web.Utils; using:WebVella.Erp.Web.Components; using:WebVella.Erp.Api.Models; addTagHelper,93,2019-10-08,Page-builder component Razor view,Low (CC~2)
Web (WebVella.Erp.Web),WebVella.Erp.Web/Components/PcFieldDataCsv/PcFieldDataCsv.cs,C#,WebVella.Erp.Exceptions; WebVella.Erp.Web.Models; WebVella.Erp.Web.Services; WebVella.Erp.Web.Utils; WebVella.TagHelpers.Models; Newtonsoft.Json; (+4 more),203,2020-01-14,Page-builder component implementation,Split (CC~37)
Web (WebVella.Erp.Web),WebVella.Erp.Web/Components/PcFieldDataCsv/service.js,JavaScript,WebVella,1,2019-12-09,Page-builder component client-side service script,Watch (CC~13)
Web (WebVella.Erp.Web),WebVella.Erp.Web/Components/PcFieldDate/Design.cshtml,Razor (.cshtml),using:WebVella.Erp.Web.Utils; using:WebVella.Erp.Web.Components; using:WebVella.Erp.Web.Models; addTagHelper,30,2021-06-21,Page-builder component Razor view,Low (CC~4)
Web (WebVella.Erp.Web),WebVella.Erp.Web/Components/PcFieldDate/Display.cshtml,Razor (.cshtml),using:WebVella.Erp.Web.Utils; using:WebVella.Erp.Web.Components; using:WebVella.Erp.Web.Models; addTagHelper,28,2021-06-21,Page-builder component Razor view,Low (CC~4)
Web (WebVella.Erp.Web),WebVella.Erp.Web/Components/PcFieldDate/Error.cshtml,Razor (.cshtml),using:WebVella.Erp.Web.Utils; using:WebVella.Erp.Exceptions; addTagHelper,9,2019-10-08,Page-builder component Razor view,Low (CC~1)
Web (WebVella.Erp.Web),WebVella.Erp.Web/Components/PcFieldDate/Help.cshtml,Razor (.cshtml),(markup/partial),1,2019-01-22,Page-builder component Razor view,Low (CC~1)
Web (WebVella.Erp.Web),WebVella.Erp.Web/Components/PcFieldDate/Options.cshtml,Razor (.cshtml),using:WebVella.Erp.Web.Utils; using:WebVella.Erp.Web.Components; using:WebVella.Erp.Web.Models; addTagHelper,83,2021-06-21,Page-builder component Razor view,Low (CC~2)
Web (WebVella.Erp.Web),WebVella.Erp.Web/Components/PcFieldDate/PcFieldDate.cs,C#,WebVella.Erp.Api.Models; WebVella.Erp.Exceptions; WebVella.Erp.Web.Models; WebVella.Erp.Web.Services; WebVella.TagHelpers.Models; Newtonsoft.Json; (+4 more),172,2021-06-21,Page-builder component implementation,Split (CC~37)
Web (WebVella.Erp.Web),WebVella.Erp.Web/Components/PcFieldDate/service.js,JavaScript,WebVella,1,2019-12-09,Page-builder component client-side service script,Watch (CC~13)
Web (WebVella.Erp.Web),WebVella.Erp.Web/Components/PcFieldDateTime/Design.cshtml,Razor (.cshtml),using:WebVella.Erp.Web.Utils; using:WebVella.Erp.Web.Components; using:WebVella.Erp.Web.Models; addTagHelper,30,2021-06-21,Page-builder component Razor view,Low (CC~4)
Web (WebVella.Erp.Web),WebVella.Erp.Web/Components/PcFieldDateTime/Display.cshtml,Razor (.cshtml),using:WebVella.Erp.Web.Utils; using:WebVella.Erp.Web.Components; using:WebVella.Erp.Web.Models; addTagHelper,28,2021-06-21,Page-builder component Razor view,Low (CC~4)
Web (WebVella.Erp.Web),WebVella.Erp.Web/Components/PcFieldDateTime/Error.cshtml,Razor (.cshtml),using:WebVella.Erp.Web.Utils; using:WebVella.Erp.Exceptions; addTagHelper,9,2019-10-08,Page-builder component Razor view,Low (CC~1)
Web (WebVella.Erp.Web),WebVella.Erp.Web/Components/PcFieldDateTime/Help.cshtml,Razor (.cshtml),(markup/partial),1,2019-01-22,Page-builder component Razor view,Low (CC~1)
Web (WebVella.Erp.Web),WebVella.Erp.Web/Components/PcFieldDateTime/Options.cshtml,Razor (.cshtml),using:WebVella.Erp.Web.Utils; using:WebVella.Erp.Web.Components; using:WebVella.Erp.Web.Models; addTagHelper,83,2021-06-21,Page-builder component Razor view,Low (CC~2)
Web (WebVella.Erp.Web),WebVella.Erp.Web/Components/PcFieldDateTime/PcFieldDateTime.cs,C#,WebVella.Erp.Api.Models; WebVella.Erp.Exceptions; WebVella.Erp.Web.Models; WebVella.Erp.Web.Services; WebVella.TagHelpers.Models; Newtonsoft.Json; (+4 more),172,2021-06-21,Page-builder component implementation,Split (CC~37)
Web (WebVella.Erp.Web),WebVella.Erp.Web/Components/PcFieldDateTime/service.js,JavaScript,WebVella,1,2019-12-09,Page-builder component client-side service script,Watch (CC~13)
Web (WebVella.Erp.Web),WebVella.Erp.Web/Components/PcFieldEmail/Design.cshtml,Razor (.cshtml),using:WebVella.Erp.Web.Utils; using:WebVella.Erp.Web.Components; using:WebVella.Erp.Web.Models; addTagHelper,30,2021-06-21,Page-builder component Razor view,Low (CC~4)
Web (WebVella.Erp.Web),WebVella.Erp.Web/Components/PcFieldEmail/Display.cshtml,Razor (.cshtml),using:WebVella.Erp.Web.Utils; using:WebVella.Erp.Web.Components; using:WebVella.Erp.Web.Models; addTagHelper,28,2021-06-21,Page-builder component Razor view,Low (CC~4)
Web (WebVella.Erp.Web),WebVella.Erp.Web/Components/PcFieldEmail/Error.cshtml,Razor (.cshtml),using:WebVella.Erp.Web.Utils; using:WebVella.Erp.Exceptions; addTagHelper,9,2019-10-08,Page-builder component Razor view,Low (CC~1)
Web (WebVella.Erp.Web),WebVella.Erp.Web/Components/PcFieldEmail/Help.cshtml,Razor (.cshtml),(markup/partial),1,2019-01-22,Page-builder component Razor view,Low (CC~1)
Web (WebVella.Erp.Web),WebVella.Erp.Web/Components/PcFieldEmail/Options.cshtml,Razor (.cshtml),using:WebVella.Erp.Web.Utils; using:WebVella.Erp.Web.Components; using:WebVella.Erp.Web.Models; addTagHelper,86,2021-06-21,Page-builder component Razor view,Low (CC~2)
Web (WebVella.Erp.Web),WebVella.Erp.Web/Components/PcFieldEmail/PcFieldEmail.cs,C#,WebVella.Erp.Api; WebVella.Erp.Api.Models; WebVella.Erp.Exceptions; WebVella.Erp.Web.Models; WebVella.Erp.Web.Services; WebVella.TagHelpers.Models; (+5 more),169,2022-01-27,Page-builder component implementation,Split (CC~34)
Web (WebVella.Erp.Web),WebVella.Erp.Web/Components/PcFieldEmail/service.js,JavaScript,WebVella,1,2019-12-09,Page-builder component client-side service script,Watch (CC~13)
Web (WebVella.Erp.Web),WebVella.Erp.Web/Components/PcFieldFile/Design.cshtml,Razor (.cshtml),using:WebVella.Erp.Web.Utils; using:WebVella.Erp.Web.Components; using:WebVella.Erp.Web.Models; addTagHelper,25,2021-06-21,Page-builder component Razor view,Low (CC~2)
Web (WebVella.Erp.Web),WebVella.Erp.Web/Components/PcFieldFile/Display.cshtml,Razor (.cshtml),using:WebVella.Erp.Web.Utils; using:WebVella.Erp.Web.Components; using:WebVella.Erp.Web.Models; addTagHelper,24,2021-06-21,Page-builder component Razor view,Low (CC~2)
Web (WebVella.Erp.Web),WebVella.Erp.Web/Components/PcFieldFile/Error.cshtml,Razor (.cshtml),using:WebVella.Erp.Web.Utils; using:WebVella.Erp.Exceptions; addTagHelper,9,2019-10-08,Page-builder component Razor view,Low (CC~1)
Web (WebVella.Erp.Web),WebVella.Erp.Web/Components/PcFieldFile/Help.cshtml,Razor (.cshtml),(markup/partial),1,2019-01-22,Page-builder component Razor view,Low (CC~1)
Web (WebVella.Erp.Web),WebVella.Erp.Web/Components/PcFieldFile/Options.cshtml,Razor (.cshtml),using:WebVella.Erp.Web.Utils; using:WebVella.Erp.Web.Components; using:WebVella.Erp.Web.Models; addTagHelper,83,2021-06-21,Page-builder component Razor view,Low (CC~2)
Web (WebVella.Erp.Web),WebVella.Erp.Web/Components/PcFieldFile/PcFieldFile.cs,C#,WebVella.Erp.Api.Models; WebVella.Erp.Exceptions; WebVella.Erp.Web.Models; WebVella.Erp.Web.Services; WebVella.TagHelpers.Models; Newtonsoft.Json; (+4 more),166,2021-06-21,Page-builder component implementation,Split (CC~33)
Web (WebVella.Erp.Web),WebVella.Erp.Web/Components/PcFieldFile/service.js,JavaScript,WebVella,1,2019-12-09,Page-builder component client-side service script,Watch (CC~13)
Web (WebVella.Erp.Web),WebVella.Erp.Web/Components/PcFieldGuid/Design.cshtml,Razor (.cshtml),using:WebVella.Erp.Web.Utils; using:WebVella.Erp.Web.Components; using:WebVella.Erp.Web.Models; addTagHelper,25,2021-06-21,Page-builder component Razor view,Low (CC~2)
Web (WebVella.Erp.Web),WebVella.Erp.Web/Components/PcFieldGuid/Display.cshtml,Razor (.cshtml),using:WebVella.Erp.Web.Utils; using:WebVella.Erp.Web.Components; using:WebVella.Erp.Web.Models; addTagHelper,23,2021-06-21,Page-builder component Razor view,Low (CC~2)
Web (WebVella.Erp.Web),WebVella.Erp.Web/Components/PcFieldGuid/Error.cshtml,Razor (.cshtml),using:WebVella.Erp.Web.Utils; using:WebVella.Erp.Exceptions; addTagHelper,9,2019-10-08,Page-builder component Razor view,Low (CC~1)
Web (WebVella.Erp.Web),WebVella.Erp.Web/Components/PcFieldGuid/Help.cshtml,Razor (.cshtml),(markup/partial),1,2019-01-22,Page-builder component Razor view,Low (CC~1)
Web (WebVella.Erp.Web),WebVella.Erp.Web/Components/PcFieldGuid/Options.cshtml,Razor (.cshtml),using:WebVella.Erp.Web.Utils; using:WebVella.Erp.Web.Components; using:WebVella.Erp.Web.Models; addTagHelper,80,2021-06-21,Page-builder component Razor view,Low (CC~2)
Web (WebVella.Erp.Web),WebVella.Erp.Web/Components/PcFieldGuid/PcFieldGuid.cs,C#,WebVella.Erp.Api.Models; WebVella.Erp.Exceptions; WebVella.Erp.Web.Models; WebVella.Erp.Web.Services; WebVella.TagHelpers.Models; Newtonsoft.Json; (+4 more),163,2021-06-21,Page-builder component implementation,Split (CC~33)
Web (WebVella.Erp.Web),WebVella.Erp.Web/Components/PcFieldGuid/service.js,JavaScript,WebVella,1,2019-12-09,Page-builder component client-side service script,Watch (CC~13)
Web (WebVella.Erp.Web),WebVella.Erp.Web/Components/PcFieldHidden/Design.cshtml,Razor (.cshtml),using:WebVella.Erp.Web.Utils; using:WebVella.Erp.Web.Components; using:WebVella.Erp.Web.Models; addTagHelper,17,2019-10-08,Page-builder component Razor view,Low (CC~1)
Web (WebVella.Erp.Web),WebVella.Erp.Web/Components/PcFieldHidden/Display.cshtml,Razor (.cshtml),using:WebVella.Erp.Web.Utils; using:WebVella.Erp.Web.Components; using:WebVella.Erp.Web.Models; addTagHelper,12,2019-10-08,Page-builder component Razor view,Low (CC~1)
Web (WebVella.Erp.Web),WebVella.Erp.Web/Components/PcFieldHidden/Error.cshtml,Razor (.cshtml),using:WebVella.Erp.Web.Utils; using:WebVella.Erp.Exceptions; addTagHelper,9,2019-10-08,Page-builder component Razor view,Low (CC~1)
Web (WebVella.Erp.Web),WebVella.Erp.Web/Components/PcFieldHidden/Help.cshtml,Razor (.cshtml),(markup/partial),1,2019-01-22,Page-builder component Razor view,Low (CC~1)
Web (WebVella.Erp.Web),WebVella.Erp.Web/Components/PcFieldHidden/Options.cshtml,Razor (.cshtml),using:WebVella.Erp.Web.Utils; using:WebVella.Erp.Web.Components; using:WebVella.Erp.Web; addTagHelper,24,2019-10-08,Page-builder component Razor view,Low (CC~1)
Web (WebVella.Erp.Web),WebVella.Erp.Web/Components/PcFieldHidden/PcFieldHidden.cs,C#,WebVella.Erp.Exceptions; WebVella.Erp.Web.Models; WebVella.Erp.Web.Services; WebVella.TagHelpers.Models; Newtonsoft.Json; System; (+2 more),153,2019-10-08,Page-builder component implementation,High (CC~30)
Web (WebVella.Erp.Web),WebVella.Erp.Web/Components/PcFieldHidden/service.js,JavaScript,WebVella,1,2019-12-09,Page-builder component client-side service script,Watch (CC~13)
Web (WebVella.Erp.Web),WebVella.Erp.Web/Components/PcFieldHtml/Design.cshtml,Razor (.cshtml),using:WebVella.Erp.Web.Utils; using:WebVella.Erp.Web.Components; using:WebVella.Erp.Web.Models; addTagHelper,26,2021-06-21,Page-builder component Razor view,Low (CC~2)
Web (WebVella.Erp.Web),WebVella.Erp.Web/Components/PcFieldHtml/Display.cshtml,Razor (.cshtml),using:WebVella.Erp.Web.Utils; using:WebVella.Erp.Web.Components; using:WebVella.Erp.Web.Models; addTagHelper,24,2021-06-21,Page-builder component Razor view,Low (CC~2)
Web (WebVella.Erp.Web),WebVella.Erp.Web/Components/PcFieldHtml/Error.cshtml,Razor (.cshtml),using:WebVella.Erp.Web.Utils; using:WebVella.Erp.Exceptions; addTagHelper,9,2019-10-08,Page-builder component Razor view,Low (CC~1)
Web (WebVella.Erp.Web),WebVella.Erp.Web/Components/PcFieldHtml/Help.cshtml,Razor (.cshtml),(markup/partial),1,2019-01-22,Page-builder component Razor view,Low (CC~1)
Web (WebVella.Erp.Web),WebVella.Erp.Web/Components/PcFieldHtml/Options.cshtml,Razor (.cshtml),using:WebVella.Erp.Web.Utils; using:WebVella.Erp.Web.Components; using:WebVella.Erp.Web.Models; addTagHelper,89,2021-06-21,Page-builder component Razor view,Low (CC~2)
Web (WebVella.Erp.Web),WebVella.Erp.Web/Components/PcFieldHtml/PcFieldHtml.cs,C#,WebVella.Erp.Api.Models; WebVella.Erp.Exceptions; WebVella.Erp.Web.Models; WebVella.Erp.Web.Services; WebVella.Erp.Web.Utils; WebVella.TagHelpers.Models; (+5 more),172,2021-06-21,Page-builder component implementation,Split (CC~33)
Web (WebVella.Erp.Web),WebVella.Erp.Web/Components/PcFieldHtml/service.js,JavaScript,WebVella,1,2019-12-09,Page-builder component client-side service script,Watch (CC~13)
Web (WebVella.Erp.Web),WebVella.Erp.Web/Components/PcFieldIcon/Design.cshtml,Razor (.cshtml),using:WebVella.Erp.Web.Utils; using:WebVella.Erp.Web.Components; using:WebVella.Erp.Web.Models; addTagHelper,25,2019-10-08,Page-builder component Razor view,Low (CC~2)
Web (WebVella.Erp.Web),WebVella.Erp.Web/Components/PcFieldIcon/Display.cshtml,Razor (.cshtml),using:WebVella.Erp.Web.Utils; using:WebVella.Erp.Web.Components; using:WebVella.Erp.Web.Models; addTagHelper,23,2019-10-08,Page-builder component Razor view,Low (CC~2)
Web (WebVella.Erp.Web),WebVella.Erp.Web/Components/PcFieldIcon/Error.cshtml,Razor (.cshtml),using:WebVella.Erp.Web.Utils; using:WebVella.Erp.Exceptions; addTagHelper,9,2019-10-08,Page-builder component Razor view,Low (CC~1)
Web (WebVella.Erp.Web),WebVella.Erp.Web/Components/PcFieldIcon/Help.cshtml,Razor (.cshtml),(markup/partial),1,2019-05-28,Page-builder component Razor view,Low (CC~1)
Web (WebVella.Erp.Web),WebVella.Erp.Web/Components/PcFieldIcon/Options.cshtml,Razor (.cshtml),using:WebVella.Erp.Web.Utils; using:WebVella.Erp.Web.Components; using:WebVella.Erp.Web.Models; addTagHelper,72,2019-10-08,Page-builder component Razor view,Low (CC~2)
Web (WebVella.Erp.Web),WebVella.Erp.Web/Components/PcFieldIcon/PcFieldIcon.cs,C#,WebVella.Erp.Exceptions; WebVella.Erp.Web.Models; WebVella.Erp.Web.Services; WebVella.TagHelpers.Models; Newtonsoft.Json; System; (+2 more),152,2019-11-13,Page-builder component implementation,High (CC~30)
Web (WebVella.Erp.Web),WebVella.Erp.Web/Components/PcFieldIcon/service.js,JavaScript,WebVella,1,2019-12-09,Page-builder component client-side service script,Watch (CC~13)
Web (WebVella.Erp.Web),WebVella.Erp.Web/Components/PcFieldImage/Design.cshtml,Razor (.cshtml),using:WebVella.Erp.Web.Utils; using:WebVella.Erp.Web.Components; using:WebVella.Erp.Web.Models; addTagHelper,28,2021-06-21,Page-builder component Razor view,Low (CC~2)
Web (WebVella.Erp.Web),WebVella.Erp.Web/Components/PcFieldImage/Display.cshtml,Razor (.cshtml),using:WebVella.Erp.Web.Utils; using:WebVella.Erp.Web.Components; using:WebVella.Erp.Web.Models; addTagHelper,26,2021-06-21,Page-builder component Razor view,Low (CC~2)
Web (WebVella.Erp.Web),WebVella.Erp.Web/Components/PcFieldImage/Error.cshtml,Razor (.cshtml),using:WebVella.Erp.Web.Utils; using:WebVella.Erp.Exceptions; addTagHelper,9,2019-10-08,Page-builder component Razor view,Low (CC~1)
Web (WebVella.Erp.Web),WebVella.Erp.Web/Components/PcFieldImage/Help.cshtml,Razor (.cshtml),(markup/partial),1,2019-01-22,Page-builder component Razor view,Low (CC~1)
Web (WebVella.Erp.Web),WebVella.Erp.Web/Components/PcFieldImage/Options.cshtml,Razor (.cshtml),using:WebVella.Erp.Web.Utils; using:WebVella.Erp.Web.Components; using:WebVella.Erp.Web.Models; addTagHelper,104,2021-06-21,Page-builder component Razor view,Low (CC~2)
Web (WebVella.Erp.Web),WebVella.Erp.Web/Components/PcFieldImage/PcFieldImage.cs,C#,WebVella.Erp.Api.Models; WebVella.Erp.Exceptions; WebVella.Erp.Web.Models; WebVella.Erp.Web.Services; WebVella.Erp.Web.Utils; WebVella.TagHelpers.Models; (+5 more),183,2021-06-21,Page-builder component implementation,Split (CC~35)
Web (WebVella.Erp.Web),WebVella.Erp.Web/Components/PcFieldImage/service.js,JavaScript,WebVella,1,2019-12-09,Page-builder component client-side service script,Watch (CC~13)
Web (WebVella.Erp.Web),WebVella.Erp.Web/Components/PcFieldMultiFileUpload/Design.cshtml,Razor (.cshtml),using:WebVella.Erp.Web.Utils; using:WebVella.Erp.Web.Components; using:WebVella.Erp.Web.Models; addTagHelper,29,2019-11-10,Page-builder component Razor view,Low (CC~2)
Web (WebVella.Erp.Web),WebVella.Erp.Web/Components/PcFieldMultiFileUpload/Display.cshtml,Razor (.cshtml),using:WebVella.Erp.Web.Utils; using:WebVella.Erp.Web.Components; using:WebVella.Erp.Web.Models; addTagHelper,27,2019-11-10,Page-builder component Razor view,Low (CC~2)
Web (WebVella.Erp.Web),WebVella.Erp.Web/Components/PcFieldMultiFileUpload/Error.cshtml,Razor (.cshtml),using:WebVella.Erp.Web.Utils; using:WebVella.Erp.Exceptions; addTagHelper,9,2019-10-08,Page-builder component Razor view,Low (CC~1)
Web (WebVella.Erp.Web),WebVella.Erp.Web/Components/PcFieldMultiFileUpload/Help.cshtml,Razor (.cshtml),(markup/partial),1,2019-03-21,Page-builder component Razor view,Low (CC~1)
Web (WebVella.Erp.Web),WebVella.Erp.Web/Components/PcFieldMultiFileUpload/Options.cshtml,Razor (.cshtml),using:WebVella.Erp.Web.Utils; using:WebVella.Erp.Web.Components; using:WebVella.Erp.Web.Models; addTagHelper,109,2019-11-10,Page-builder component Razor view,Low (CC~3)
Web (WebVella.Erp.Web),WebVella.Erp.Web/Components/PcFieldMultiFileUpload/PcFieldMultiFileUpload.cs,C#,WebVella.Erp.Api.Models; WebVella.Erp.Exceptions; WebVella.Erp.Web.Models; WebVella.Erp.Web.Services; WebVella.TagHelpers.Models; Newtonsoft.Json; (+4 more),181,2019-11-13,Page-builder component implementation,High (CC~30)
Web (WebVella.Erp.Web),WebVella.Erp.Web/Components/PcFieldMultiFileUpload/service.js,JavaScript,WebVella,1,2019-12-09,Page-builder component client-side service script,Watch (CC~13)
Web (WebVella.Erp.Web),WebVella.Erp.Web/Components/PcFieldMultiSelect/Design.cshtml,Razor (.cshtml),using:WebVella.Erp.Web.Utils; using:WebVella.Erp.Web.Components; using:WebVella.Erp.Web.Models; addTagHelper,36,2021-06-21,Page-builder component Razor view,Low (CC~6)
Web (WebVella.Erp.Web),WebVella.Erp.Web/Components/PcFieldMultiSelect/Display.cshtml,Razor (.cshtml),using:WebVella.Erp.Web.Utils; using:WebVella.Erp.Web.Components; using:WebVella.Erp.Web.Models; addTagHelper,35,2023-04-13,Page-builder component Razor view,Low (CC~6)
Web (WebVella.Erp.Web),WebVella.Erp.Web/Components/PcFieldMultiSelect/Error.cshtml,Razor (.cshtml),using:WebVella.Erp.Web.Utils; using:WebVella.Erp.Exceptions; addTagHelper,9,2019-10-08,Page-builder component Razor view,Low (CC~1)
Web (WebVella.Erp.Web),WebVella.Erp.Web/Components/PcFieldMultiSelect/Help.cshtml,Razor (.cshtml),(markup/partial),1,2019-01-22,Page-builder component Razor view,Low (CC~1)
Web (WebVella.Erp.Web),WebVella.Erp.Web/Components/PcFieldMultiSelect/Options.cshtml,Razor (.cshtml),using:WebVella.Erp.Web.Utils; using:WebVella.Erp.Web; using:WebVella.Erp.Web.Components; addTagHelper,101,2023-04-13,Page-builder component Razor view,Low (CC~2)
Web (WebVella.Erp.Web),WebVella.Erp.Web/Components/PcFieldMultiSelect/PcFieldMultiSelect.cs,C#,WebVella.Erp.Api.Models; WebVella.Erp.Exceptions; WebVella.Erp.Web.Models; WebVella.Erp.Web.Services; WebVella.Erp.Web.Utils; WebVella.TagHelpers.Models; (+5 more),297,2023-04-13,Page-builder component implementation,Split (CC~69)
Web (WebVella.Erp.Web),WebVella.Erp.Web/Components/PcFieldMultiSelect/service.js,JavaScript,WebVella,1,2019-12-09,Page-builder component client-side service script,Watch (CC~13)
Web (WebVella.Erp.Web),WebVella.Erp.Web/Components/PcFieldNumber/Design.cshtml,Razor (.cshtml),using:WebVella.Erp.Web.Utils; using:WebVella.Erp.Web.Components; using:WebVella.Erp.Web.Models; addTagHelper,26,2021-06-21,Page-builder component Razor view,Low (CC~2)
Web (WebVella.Erp.Web),WebVella.Erp.Web/Components/PcFieldNumber/Display.cshtml,Razor (.cshtml),using:WebVella.Erp.Web.Utils; using:WebVella.Erp.Web.Components; using:WebVella.Erp.Web.Models; addTagHelper,24,2021-06-21,Page-builder component Razor view,Low (CC~2)
Web (WebVella.Erp.Web),WebVella.Erp.Web/Components/PcFieldNumber/Error.cshtml,Razor (.cshtml),using:WebVella.Erp.Web.Utils; using:WebVella.Erp.Exceptions; addTagHelper,9,2019-10-08,Page-builder component Razor view,Low (CC~1)
Web (WebVella.Erp.Web),WebVella.Erp.Web/Components/PcFieldNumber/Help.cshtml,Razor (.cshtml),(markup/partial),1,2019-01-22,Page-builder component Razor view,Low (CC~1)
Web (WebVella.Erp.Web),WebVella.Erp.Web/Components/PcFieldNumber/Options.cshtml,Razor (.cshtml),using:WebVella.Erp.Web.Utils; using:WebVella.Erp.Web; using:WebVella.Erp.Web.Components; addTagHelper,94,2021-06-21,Page-builder component Razor view,Low (CC~2)
Web (WebVella.Erp.Web),WebVella.Erp.Web/Components/PcFieldNumber/PcFieldNumber.cs,C#,WebVella.Erp.Api; WebVella.Erp.Api.Models; WebVella.Erp.Exceptions; WebVella.Erp.Web.Models; WebVella.Erp.Web.Services; WebVella.TagHelpers.Models; (+5 more),172,2022-01-27,Page-builder component implementation,Split (CC~36)
Web (WebVella.Erp.Web),WebVella.Erp.Web/Components/PcFieldNumber/service.js,JavaScript,WebVella,1,2019-12-09,Page-builder component client-side service script,Watch (CC~13)
Web (WebVella.Erp.Web),WebVella.Erp.Web/Components/PcFieldPassword/Design.cshtml,Razor (.cshtml),using:WebVella.Erp.Web.Utils; using:WebVella.Erp.Web.Components; using:WebVella.Erp.Web.Models; addTagHelper,30,2021-06-21,Page-builder component Razor view,Low (CC~4)
Web (WebVella.Erp.Web),WebVella.Erp.Web/Components/PcFieldPassword/Display.cshtml,Razor (.cshtml),using:WebVella.Erp.Web.Utils; using:WebVella.Erp.Web.Components; using:WebVella.Erp.Web.Models; addTagHelper,28,2021-06-21,Page-builder component Razor view,Low (CC~4)
Web (WebVella.Erp.Web),WebVella.Erp.Web/Components/PcFieldPassword/Error.cshtml,Razor (.cshtml),using:WebVella.Erp.Web.Utils; using:WebVella.Erp.Exceptions; addTagHelper,9,2019-10-08,Page-builder component Razor view,Low (CC~1)
Web (WebVella.Erp.Web),WebVella.Erp.Web/Components/PcFieldPassword/Help.cshtml,Razor (.cshtml),(markup/partial),1,2019-01-22,Page-builder component Razor view,Low (CC~1)
Web (WebVella.Erp.Web),WebVella.Erp.Web/Components/PcFieldPassword/Options.cshtml,Razor (.cshtml),using:WebVella.Erp.Web.Utils; using:WebVella.Erp.Web.Components; using:WebVella.Erp.Web.Models; addTagHelper,91,2021-06-21,Page-builder component Razor view,Low (CC~2)
Web (WebVella.Erp.Web),WebVella.Erp.Web/Components/PcFieldPassword/PcFieldPassword.cs,C#,WebVella.Erp.Api; WebVella.Erp.Api.Models; WebVella.Erp.Exceptions; WebVella.Erp.Web.Models; WebVella.Erp.Web.Services; WebVella.TagHelpers.Models; (+5 more),171,2022-01-27,Page-builder component implementation,Split (CC~39)
Web (WebVella.Erp.Web),WebVella.Erp.Web/Components/PcFieldPassword/service.js,JavaScript,WebVella,1,2019-12-09,Page-builder component client-side service script,Watch (CC~13)
Web (WebVella.Erp.Web),WebVella.Erp.Web/Components/PcFieldPercent/Design.cshtml,Razor (.cshtml),using:WebVella.Erp.Web.Utils; using:WebVella.Erp.Web.Components; using:WebVella.Erp.Web.Models; addTagHelper,31,2021-06-21,Page-builder component Razor view,Low (CC~4)
Web (WebVella.Erp.Web),WebVella.Erp.Web/Components/PcFieldPercent/Display.cshtml,Razor (.cshtml),using:WebVella.Erp.Web.Utils; using:WebVella.Erp.Web.Components; using:WebVella.Erp.Web.Models; addTagHelper,29,2021-06-21,Page-builder component Razor view,Low (CC~4)
Web (WebVella.Erp.Web),WebVella.Erp.Web/Components/PcFieldPercent/Error.cshtml,Razor (.cshtml),using:WebVella.Erp.Web.Utils; using:WebVella.Erp.Exceptions; addTagHelper,9,2019-10-08,Page-builder component Razor view,Low (CC~1)
Web (WebVella.Erp.Web),WebVella.Erp.Web/Components/PcFieldPercent/Help.cshtml,Razor (.cshtml),(markup/partial),1,2019-01-22,Page-builder component Razor view,Low (CC~1)
Web (WebVella.Erp.Web),WebVella.Erp.Web/Components/PcFieldPercent/Options.cshtml,Razor (.cshtml),using:WebVella.Erp.Web.Utils; using:WebVella.Erp.Web.Components; using:WebVella.Erp.Web.Models; addTagHelper,97,2021-06-21,Page-builder component Razor view,Low (CC~2)
Web (WebVella.Erp.Web),WebVella.Erp.Web/Components/PcFieldPercent/PcFieldPercent.cs,C#,WebVella.Erp.Api; WebVella.Erp.Api.Models; WebVella.Erp.Exceptions; WebVella.Erp.Web.Models; WebVella.Erp.Web.Services; WebVella.TagHelpers.Models; (+5 more),174,2022-01-27,Page-builder component implementation,Split (CC~36)
Web (WebVella.Erp.Web),WebVella.Erp.Web/Components/PcFieldPercent/service.js,JavaScript,WebVella,1,2019-12-09,Page-builder component client-side service script,Watch (CC~13)
Web (WebVella.Erp.Web),WebVella.Erp.Web/Components/PcFieldPhone/Design.cshtml,Razor (.cshtml),using:WebVella.Erp.Web.Utils; using:WebVella.Erp.Web.Components; using:WebVella.Erp.Web.Models; addTagHelper,30,2021-06-21,Page-builder component Razor view,Low (CC~4)
Web (WebVella.Erp.Web),WebVella.Erp.Web/Components/PcFieldPhone/Display.cshtml,Razor (.cshtml),using:WebVella.Erp.Web.Utils; using:WebVella.Erp.Web.Components; using:WebVella.Erp.Web.Models; addTagHelper,28,2021-06-21,Page-builder component Razor view,Low (CC~4)
Web (WebVella.Erp.Web),WebVella.Erp.Web/Components/PcFieldPhone/Error.cshtml,Razor (.cshtml),using:WebVella.Erp.Web.Utils; using:WebVella.Erp.Exceptions; addTagHelper,9,2019-10-08,Page-builder component Razor view,Low (CC~1)
Web (WebVella.Erp.Web),WebVella.Erp.Web/Components/PcFieldPhone/Help.cshtml,Razor (.cshtml),(markup/partial),1,2019-01-22,Page-builder component Razor view,Low (CC~1)
Web (WebVella.Erp.Web),WebVella.Erp.Web/Components/PcFieldPhone/Options.cshtml,Razor (.cshtml),using:WebVella.Erp.Web.Utils; using:WebVella.Erp.Web.Components; using:WebVella.Erp.Web.Models; addTagHelper,86,2021-06-21,Page-builder component Razor view,Low (CC~2)
Web (WebVella.Erp.Web),WebVella.Erp.Web/Components/PcFieldPhone/PcFieldPhone.cs,C#,WebVella.Erp.Api; WebVella.Erp.Api.Models; WebVella.Erp.Exceptions; WebVella.Erp.Web.Models; WebVella.Erp.Web.Services; WebVella.TagHelpers.Models; (+5 more),169,2022-01-27,Page-builder component implementation,Split (CC~34)
Web (WebVella.Erp.Web),WebVella.Erp.Web/Components/PcFieldPhone/service.js,JavaScript,WebVella,1,2019-12-09,Page-builder component client-side service script,Watch (CC~13)
Web (WebVella.Erp.Web),WebVella.Erp.Web/Components/PcFieldRadioList/Design.cshtml,Razor (.cshtml),using:WebVella.Erp.Web.Utils; using:WebVella.Erp.Web.Components; using:WebVella.Erp.Web.Models; addTagHelper,25,2019-10-08,Page-builder component Razor view,Low (CC~2)
Web (WebVella.Erp.Web),WebVella.Erp.Web/Components/PcFieldRadioList/Display.cshtml,Razor (.cshtml),using:WebVella.Erp.Web.Utils; using:WebVella.Erp.Web.Components; using:WebVella.Erp.Web.Models; addTagHelper,23,2019-10-08,Page-builder component Razor view,Low (CC~2)
Web (WebVella.Erp.Web),WebVella.Erp.Web/Components/PcFieldRadioList/Error.cshtml,Razor (.cshtml),using:WebVella.Erp.Web.Utils; using:WebVella.Erp.Exceptions; addTagHelper,9,2019-10-08,Page-builder component Razor view,Low (CC~1)
Web (WebVella.Erp.Web),WebVella.Erp.Web/Components/PcFieldRadioList/Help.cshtml,Razor (.cshtml),(markup/partial),1,2019-01-22,Page-builder component Razor view,Low (CC~1)
Web (WebVella.Erp.Web),WebVella.Erp.Web/Components/PcFieldRadioList/Options.cshtml,Razor (.cshtml),using:WebVella.Erp.Web.Utils; using:WebVella.Erp.Web; using:WebVella.Erp.Web.Components; addTagHelper,76,2019-10-08,Page-builder component Razor view,Low (CC~2)
Web (WebVella.Erp.Web),WebVella.Erp.Web/Components/PcFieldRadioList/PcFieldRadioList.cs,C#,WebVella.Erp.Api.Models; WebVella.Erp.Exceptions; WebVella.Erp.Web.Models; WebVella.Erp.Web.Services; WebVella.TagHelpers.Models; Newtonsoft.Json; (+3 more),201,2019-11-13,Page-builder component implementation,Split (CC~44)
Web (WebVella.Erp.Web),WebVella.Erp.Web/Components/PcFieldRadioList/service.js,JavaScript,WebVella,1,2019-12-09,Page-builder component client-side service script,Watch (CC~13)
Web (WebVella.Erp.Web),WebVella.Erp.Web/Components/PcFieldSelect/Design.cshtml,Razor (.cshtml),using:WebVella.Erp.Web.Utils; using:WebVella.Erp.Web.Components; using:WebVella.Erp.Web.Models; addTagHelper,36,2020-01-06,Page-builder component Razor view,Low (CC~6)
Web (WebVella.Erp.Web),WebVella.Erp.Web/Components/PcFieldSelect/Display.cshtml,Razor (.cshtml),using:WebVella.Erp.Web.Utils; using:WebVella.Erp.Web.Components; using:WebVella.Erp.Web.Models; addTagHelper,35,2023-04-13,Page-builder component Razor view,Low (CC~6)
Web (WebVella.Erp.Web),WebVella.Erp.Web/Components/PcFieldSelect/Error.cshtml,Razor (.cshtml),using:WebVella.Erp.Web.Utils; using:WebVella.Erp.Exceptions; addTagHelper,9,2019-10-08,Page-builder component Razor view,Low (CC~1)
Web (WebVella.Erp.Web),WebVella.Erp.Web/Components/PcFieldSelect/Help.cshtml,Razor (.cshtml),(markup/partial),1,2019-01-22,Page-builder component Razor view,Low (CC~1)
Web (WebVella.Erp.Web),WebVella.Erp.Web/Components/PcFieldSelect/Options.cshtml,Razor (.cshtml),using:WebVella.Erp.Web.Utils; using:WebVella.Erp.Web; using:WebVella.Erp.Web.Components; addTagHelper,103,2023-04-13,Page-builder component Razor view,Low (CC~2)
Web (WebVella.Erp.Web),WebVella.Erp.Web/Components/PcFieldSelect/PcFieldSelect.cs,C#,WebVella.Erp.Api.Models; WebVella.Erp.Exceptions; WebVella.Erp.Web.Models; WebVella.Erp.Web.Services; WebVella.Erp.Web.Utils; WebVella.TagHelpers.Models; (+4 more),256,2023-04-13,Page-builder component implementation,Split (CC~59)
Web (WebVella.Erp.Web),WebVella.Erp.Web/Components/PcFieldSelect/service.js,JavaScript,WebVella,1,2019-12-09,Page-builder component client-side service script,Watch (CC~13)
Web (WebVella.Erp.Web),WebVella.Erp.Web/Components/PcFieldText/Design.cshtml,Razor (.cshtml),using:WebVella.Erp.Web.Utils; using:WebVella.Erp.Web.Components; using:WebVella.Erp.Web.Models; addTagHelper,26,2021-06-21,Page-builder component Razor view,Low (CC~2)
Web (WebVella.Erp.Web),WebVella.Erp.Web/Components/PcFieldText/Display.cshtml,Razor (.cshtml),using:WebVella.Erp.Web.Utils; using:WebVella.Erp.Web.Components; using:WebVella.Erp.Web.Models; addTagHelper,23,2021-06-21,Page-builder component Razor view,Low (CC~2)
Web (WebVella.Erp.Web),WebVella.Erp.Web/Components/PcFieldText/Error.cshtml,Razor (.cshtml),using:WebVella.Erp.Web.Utils; using:WebVella.Erp.Exceptions; addTagHelper,9,2019-10-08,Page-builder component Razor view,Low (CC~1)
Web (WebVella.Erp.Web),WebVella.Erp.Web/Components/PcFieldText/Help.cshtml,Razor (.cshtml),(markup/partial),1,2019-01-22,Page-builder component Razor view,Low (CC~1)
Web (WebVella.Erp.Web),WebVella.Erp.Web/Components/PcFieldText/Options.cshtml,Razor (.cshtml),using:WebVella.Erp.Web.Utils; using:WebVella.Erp.Web.Components; using:WebVella.Erp.Web; addTagHelper,89,2021-06-21,Page-builder component Razor view,Low (CC~2)
Web (WebVella.Erp.Web),WebVella.Erp.Web/Components/PcFieldText/PcFieldText.cs,C#,WebVella.Erp.Api; WebVella.Erp.Api.Models; WebVella.Erp.Exceptions; WebVella.Erp.Web.Models; WebVella.Erp.Web.Services; WebVella.TagHelpers.Models; (+5 more),181,2021-06-21,Page-builder component implementation,Split (CC~37)
Web (WebVella.Erp.Web),WebVella.Erp.Web/Components/PcFieldText/service.js,JavaScript,WebVella,1,2019-12-09,Page-builder component client-side service script,Watch (CC~13)
Web (WebVella.Erp.Web),WebVella.Erp.Web/Components/PcFieldTextarea/Design.cshtml,Razor (.cshtml),using:WebVella.Erp.Web.Utils; using:WebVella.Erp.Web.Components; using:WebVella.Erp.Web.Models; addTagHelper,25,2021-06-21,Page-builder component Razor view,Low (CC~2)
Web (WebVella.Erp.Web),WebVella.Erp.Web/Components/PcFieldTextarea/Display.cshtml,Razor (.cshtml),using:WebVella.Erp.Web.Utils; using:WebVella.Erp.Web.Components; using:WebVella.Erp.Web.Models; addTagHelper,23,2021-06-21,Page-builder component Razor view,Low (CC~2)
Web (WebVella.Erp.Web),WebVella.Erp.Web/Components/PcFieldTextarea/Error.cshtml,Razor (.cshtml),using:WebVella.Erp.Web.Utils; using:WebVella.Erp.Exceptions; addTagHelper,9,2019-10-08,Page-builder component Razor view,Low (CC~1)
Web (WebVella.Erp.Web),WebVella.Erp.Web/Components/PcFieldTextarea/Help.cshtml,Razor (.cshtml),(markup/partial),1,2019-01-22,Page-builder component Razor view,Low (CC~1)
Web (WebVella.Erp.Web),WebVella.Erp.Web/Components/PcFieldTextarea/Options.cshtml,Razor (.cshtml),using:WebVella.Erp.Web.Utils; using:WebVella.Erp.Web.Components; using:WebVella.Erp.Web.Models; addTagHelper,83,2021-06-21,Page-builder component Razor view,Low (CC~2)
Web (WebVella.Erp.Web),WebVella.Erp.Web/Components/PcFieldTextarea/PcFieldTextarea.cs,C#,WebVella.Erp.Api.Models; WebVella.Erp.Exceptions; WebVella.Erp.Web.Models; WebVella.Erp.Web.Services; WebVella.TagHelpers.Models; Newtonsoft.Json; (+4 more),166,2021-06-21,Page-builder component implementation,Split (CC~33)
Web (WebVella.Erp.Web),WebVella.Erp.Web/Components/PcFieldTextarea/service.js,JavaScript,WebVella,1,2019-12-09,Page-builder component client-side service script,Watch (CC~13)
Web (WebVella.Erp.Web),WebVella.Erp.Web/Components/PcFieldTime/Design.cshtml,Razor (.cshtml),using:WebVella.Erp.Web.Utils; using:WebVella.Erp.Web.Components; using:WebVella.Erp.Web.Models; addTagHelper,30,2021-06-21,Page-builder component Razor view,Low (CC~4)
Web (WebVella.Erp.Web),WebVella.Erp.Web/Components/PcFieldTime/Display.cshtml,Razor (.cshtml),using:WebVella.Erp.Web.Utils; using:WebVella.Erp.Web.Components; using:WebVella.Erp.Web.Models; addTagHelper,28,2021-06-21,Page-builder component Razor view,Low (CC~4)
Web (WebVella.Erp.Web),WebVella.Erp.Web/Components/PcFieldTime/Error.cshtml,Razor (.cshtml),using:WebVella.Erp.Web.Utils; using:WebVella.Erp.Exceptions; addTagHelper,9,2019-10-08,Page-builder component Razor view,Low (CC~1)
Web (WebVella.Erp.Web),WebVella.Erp.Web/Components/PcFieldTime/Help.cshtml,Razor (.cshtml),(markup/partial),1,2019-01-22,Page-builder component Razor view,Low (CC~1)
Web (WebVella.Erp.Web),WebVella.Erp.Web/Components/PcFieldTime/Options.cshtml,Razor (.cshtml),using:WebVella.Erp.Web.Utils; using:WebVella.Erp.Web.Components; using:WebVella.Erp.Web; addTagHelper,83,2021-06-21,Page-builder component Razor view,Low (CC~2)
Web (WebVella.Erp.Web),WebVella.Erp.Web/Components/PcFieldTime/PcFieldTime.cs,C#,WebVella.Erp.Exceptions; WebVella.Erp.Web.Models; WebVella.Erp.Web.Services; WebVella.TagHelpers.Models; Newtonsoft.Json; System; (+2 more),163,2021-06-21,Page-builder component implementation,Split (CC~33)
Web (WebVella.Erp.Web),WebVella.Erp.Web/Components/PcFieldTime/service.js,JavaScript,WebVella,1,2019-12-09,Page-builder component client-side service script,Watch (CC~13)
Web (WebVella.Erp.Web),WebVella.Erp.Web/Components/PcFieldUrl/Design.cshtml,Razor (.cshtml),using:WebVella.Erp.Web.Utils; using:WebVella.Erp.Web.Components; using:WebVella.Erp.Web.Models; addTagHelper,30,2021-06-21,Page-builder component Razor view,Low (CC~4)
Web (WebVella.Erp.Web),WebVella.Erp.Web/Components/PcFieldUrl/Display.cshtml,Razor (.cshtml),using:WebVella.Erp.Web.Utils; using:WebVella.Erp.Web.Components; using:WebVella.Erp.Web.Models; addTagHelper,28,2021-06-21,Page-builder component Razor view,Low (CC~4)
Web (WebVella.Erp.Web),WebVella.Erp.Web/Components/PcFieldUrl/Error.cshtml,Razor (.cshtml),using:WebVella.Erp.Web.Utils; using:WebVella.Erp.Exceptions; addTagHelper,9,2019-10-08,Page-builder component Razor view,Low (CC~1)
Web (WebVella.Erp.Web),WebVella.Erp.Web/Components/PcFieldUrl/Help.cshtml,Razor (.cshtml),(markup/partial),1,2019-01-22,Page-builder component Razor view,Low (CC~1)
Web (WebVella.Erp.Web),WebVella.Erp.Web/Components/PcFieldUrl/Options.cshtml,Razor (.cshtml),using:WebVella.Erp.Web.Utils; using:WebVella.Erp.Web.Components; using:WebVella.Erp.Web.Models; addTagHelper,83,2021-06-21,Page-builder component Razor view,Low (CC~2)
Web (WebVella.Erp.Web),WebVella.Erp.Web/Components/PcFieldUrl/PcFieldUrl.cs,C#,WebVella.Erp.Api.Models; WebVella.Erp.Exceptions; WebVella.Erp.Web.Models; WebVella.Erp.Web.Services; WebVella.TagHelpers.Models; Newtonsoft.Json; (+4 more),165,2021-06-21,Page-builder component implementation,Split (CC~33)
Web (WebVella.Erp.Web),WebVella.Erp.Web/Components/PcFieldUrl/service.js,JavaScript,WebVella,1,2019-12-09,Page-builder component client-side service script,Watch (CC~13)
Web (WebVella.Erp.Web),WebVella.Erp.Web/Components/PcForm/Design.cshtml,Razor (.cshtml),using:WebVella.Erp.Web.Utils; using:WebVella.Erp.Web.Components; using:WebVella.Erp.Web.Models; addTagHelper,10,2019-10-08,Page-builder component Razor view,Low (CC~1)
Web (WebVella.Erp.Web),WebVella.Erp.Web/Components/PcForm/Display.cshtml,Razor (.cshtml),using:WebVella.Erp.Web.Utils; using:WebVella.Erp.Web.Components; using:WebVella.Erp.Web.Models; addTagHelper,36,2019-10-08,Page-builder component Razor view,Low (CC~7)
Web (WebVella.Erp.Web),WebVella.Erp.Web/Components/PcForm/Error.cshtml,Razor (.cshtml),using:WebVella.Erp.Web.Utils; using:WebVella.Erp.Exceptions; addTagHelper,9,2019-10-08,Page-builder component Razor view,Low (CC~1)
Web (WebVella.Erp.Web),WebVella.Erp.Web/Components/PcForm/Help.cshtml,Razor (.cshtml),(markup/partial),2,2019-10-08,Page-builder component Razor view,Low (CC~1)
Web (WebVella.Erp.Web),WebVella.Erp.Web/Components/PcForm/Options.cshtml,Razor (.cshtml),using:WebVella.Erp.Web.Utils; using:WebVella.Erp.Web.Components; using:WebVella.Erp.Web; addTagHelper,50,2019-10-13,Page-builder component Razor view,Low (CC~1)
Web (WebVella.Erp.Web),WebVella.Erp.Web/Components/PcForm/PcForm.cs,C#,WebVella.Erp.Api.Models; WebVella.Erp.Exceptions; WebVella.Erp.Web.Models; WebVella.Erp.Web.Services; WebVella.Erp.Web.Utils; WebVella.TagHelpers.Models; (+5 more),164,2019-10-08,Page-builder component implementation,High (CC~25)
Web (WebVella.Erp.Web),WebVella.Erp.Web/Components/PcForm/service.js,JavaScript,WebVella,1,2019-12-09,Page-builder component client-side service script,Watch (CC~13)
Web (WebVella.Erp.Web),WebVella.Erp.Web/Components/PcGrid/Design.cshtml,Razor (.cshtml),using:WebVella.Erp.Web.Utils; using:WebVella.Erp.Web.Components; using:WebVella.Erp.Web.Models; addTagHelper,111,2019-10-08,Page-builder component Razor view,Split (CC~37)
Web (WebVella.Erp.Web),WebVella.Erp.Web/Components/PcGrid/Display.cshtml,Razor (.cshtml),using:WebVella.Erp.Web.Utils; using:WebVella.Erp.Web.Components; using:WebVella.Erp.Web.Models; addTagHelper,67,2024-06-11,Page-builder component Razor view,High (CC~17)
Web (WebVella.Erp.Web),WebVella.Erp.Web/Components/PcGrid/Error.cshtml,Razor (.cshtml),using:WebVella.Erp.Web.Utils; using:WebVella.Erp.Exceptions; addTagHelper,9,2019-10-08,Page-builder component Razor view,Low (CC~1)
Web (WebVella.Erp.Web),WebVella.Erp.Web/Components/PcGrid/Help.cshtml,Razor (.cshtml),(markup/partial),1,2019-03-19,Page-builder component Razor view,Low (CC~1)
Web (WebVella.Erp.Web),WebVella.Erp.Web/Components/PcGrid/Options.cshtml,Razor (.cshtml),using:WebVella.Erp.Web.Utils; using:WebVella.Erp.Web.Components; using:WebVella.Erp.Api.Models; addTagHelper,137,2024-06-11,Page-builder component Razor view,Watch (CC~13)
Web (WebVella.Erp.Web),WebVella.Erp.Web/Components/PcGrid/PcGrid.cs,C#,WebVella.Erp.Api.Models; WebVella.Erp.Eql; WebVella.Erp.Exceptions; WebVella.Erp.Web.Models; WebVella.Erp.Web.Services; WebVella.Erp.Web.Utils; (+6 more),626,2024-06-11,Page-builder component implementation,Split (CC~43)
Web (WebVella.Erp.Web),WebVella.Erp.Web/Components/PcGrid/service.js,JavaScript,jQuery; WebVella,28,2019-12-09,Page-builder component client-side service script,Watch (CC~15)
Web (WebVella.Erp.Web),WebVella.Erp.Web/Components/PcGridFilterField/Design.cshtml,Razor (.cshtml),using:WebVella.Erp.Web.Utils; using:WebVella.Erp.Web.Components; using:WebVella.Erp.Web.Models; addTagHelper,90,2019-10-08,Page-builder component Razor view,High (CC~20)
Web (WebVella.Erp.Web),WebVella.Erp.Web/Components/PcGridFilterField/Display.cshtml,Razor (.cshtml),using:WebVella.Erp.Web.Utils; using:WebVella.Erp.Web.Components; using:WebVella.Erp.Web.Models; addTagHelper,90,2019-10-08,Page-builder component Razor view,High (CC~20)
Web (WebVella.Erp.Web),WebVella.Erp.Web/Components/PcGridFilterField/Error.cshtml,Razor (.cshtml),using:WebVella.Erp.Web.Utils; using:WebVella.Erp.Exceptions; addTagHelper,9,2019-10-08,Page-builder component Razor view,Low (CC~1)
Web (WebVella.Erp.Web),WebVella.Erp.Web/Components/PcGridFilterField/Help.cshtml,Razor (.cshtml),(markup/partial),4,2019-01-22,Page-builder component Razor view,Low (CC~1)
Web (WebVella.Erp.Web),WebVella.Erp.Web/Components/PcGridFilterField/Options.cshtml,Razor (.cshtml),using:WebVella.Erp.Web.Utils; using:WebVella.Erp.Web; using:WebVella.Erp.Web.Models; addTagHelper,55,2019-10-08,Page-builder component Razor view,Low (CC~1)
Web (WebVella.Erp.Web),WebVella.Erp.Web/Components/PcGridFilterField/PcGridFilterField.cs,C#,WebVella.Erp.Api.Models; WebVella.Erp.Exceptions; WebVella.Erp.Web.Models; WebVella.Erp.Web.Services; WebVella.Erp.Web.Utils; Newtonsoft.Json; (+4 more),218,2019-10-08,Page-builder component implementation,Split (CC~44)
Web (WebVella.Erp.Web),WebVella.Erp.Web/Components/PcGridFilterField/service.js,JavaScript,WebVella,1,2019-12-09,Page-builder component client-side service script,Watch (CC~13)
Web (WebVella.Erp.Web),WebVella.Erp.Web/Components/PcHtmlBlock/Design.cshtml,Razor (.cshtml),using:WebVella.Erp.Web.Utils; using:WebVella.Erp.Web.Components; using:WebVella.Erp.Web.Models; addTagHelper,10,2019-10-08,Page-builder component Razor view,Low (CC~1)
Web (WebVella.Erp.Web),WebVella.Erp.Web/Components/PcHtmlBlock/Display.cshtml,Razor (.cshtml),using:WebVella.Erp.Web.Utils; using:WebVella.Erp.Web.Components; using:WebVella.Erp.Web.Models; addTagHelper,10,2019-10-08,Page-builder component Razor view,Low (CC~1)
Web (WebVella.Erp.Web),WebVella.Erp.Web/Components/PcHtmlBlock/Error.cshtml,Razor (.cshtml),using:WebVella.Erp.Web.Utils; using:WebVella.Erp.Exceptions; addTagHelper,9,2019-10-08,Page-builder component Razor view,Low (CC~1)
Web (WebVella.Erp.Web),WebVella.Erp.Web/Components/PcHtmlBlock/Help.cshtml,Razor (.cshtml),(markup/partial),4,2019-01-22,Page-builder component Razor view,Low (CC~1)
Web (WebVella.Erp.Web),WebVella.Erp.Web/Components/PcHtmlBlock/Options.cshtml,Razor (.cshtml),using:WebVella.Erp.Web.Utils; using:WebVella.Erp.Web.Models; using:WebVella.Erp.Web.Components; addTagHelper,20,2019-10-08,Page-builder component Razor view,Low (CC~1)
Web (WebVella.Erp.Web),WebVella.Erp.Web/Components/PcHtmlBlock/PcHtmlBlock.cs,C#,WebVella.Erp.Exceptions; WebVella.Erp.Web.Models; WebVella.Erp.Web.Services; Newtonsoft.Json; System; System.Collections.Generic; (+1 more),114,2019-10-08,Page-builder component implementation,High (CC~19)
Web (WebVella.Erp.Web),WebVella.Erp.Web/Components/PcHtmlBlock/service.js,JavaScript,WebVella,1,2019-12-09,Page-builder component client-side service script,Watch (CC~13)
Web (WebVella.Erp.Web),WebVella.Erp.Web/Components/PcJavaScriptBlock/Design.cshtml,Razor (.cshtml),using:WebVella.Erp.Web.Utils; using:WebVella.Erp.Web.Components; using:WebVella.Erp.Web.Models; addTagHelper,11,2019-10-08,Page-builder component Razor view,Low (CC~1)
Web (WebVella.Erp.Web),WebVella.Erp.Web/Components/PcJavaScriptBlock/Display.cshtml,Razor (.cshtml),using:WebVella.Erp.Web.Utils; using:WebVella.Erp.Web.Components; using:WebVella.Erp.Web.Models; addTagHelper,12,2019-10-08,Page-builder component Razor view,Low (CC~1)
Web (WebVella.Erp.Web),WebVella.Erp.Web/Components/PcJavaScriptBlock/Error.cshtml,Razor (.cshtml),using:WebVella.Erp.Web.Utils; using:WebVella.Erp.Exceptions; addTagHelper,9,2019-10-08,Page-builder component Razor view,Low (CC~1)
Web (WebVella.Erp.Web),WebVella.Erp.Web/Components/PcJavaScriptBlock/Help.cshtml,Razor (.cshtml),(markup/partial),1,2019-01-22,Page-builder component Razor view,Low (CC~1)
Web (WebVella.Erp.Web),WebVella.Erp.Web/Components/PcJavaScriptBlock/Options.cshtml,Razor (.cshtml),using:WebVella.Erp.Web.Utils; using:WebVella.Erp.Web.Components; addTagHelper,11,2019-10-08,Page-builder component Razor view,Low (CC~1)
Web (WebVella.Erp.Web),WebVella.Erp.Web/Components/PcJavaScriptBlock/PcJavaScriptBlock.cs,C#,WebVella.Erp.Exceptions; WebVella.Erp.Web.Models; WebVella.Erp.Web.Services; Newtonsoft.Json; System; System.Collections.Generic; (+1 more),113,2019-10-08,Page-builder component implementation,High (CC~19)
Web (WebVella.Erp.Web),WebVella.Erp.Web/Components/PcJavaScriptBlock/service.js,JavaScript,WebVella,1,2019-12-09,Page-builder component client-side service script,Watch (CC~13)
Web (WebVella.Erp.Web),WebVella.Erp.Web/Components/PcLazyLoad/Design.cshtml,Razor (.cshtml),using:WebVella.Erp.Web.Utils; using:WebVella.Erp.Web.Components; using:WebVella.Erp.Web.Models; addTagHelper,12,2019-10-08,Page-builder component Razor view,Low (CC~1)
Web (WebVella.Erp.Web),WebVella.Erp.Web/Components/PcLazyLoad/Display.cshtml,Razor (.cshtml),using:WebVella.Erp.Web.Utils; using:WebVella.Erp.Web.Components; using:WebVella.Erp.Web.Models; addTagHelper,20,2019-10-08,Page-builder component Razor view,Low (CC~3)
Web (WebVella.Erp.Web),WebVella.Erp.Web/Components/PcLazyLoad/Error.cshtml,Razor (.cshtml),using:WebVella.Erp.Web.Utils; using:WebVella.Erp.Exceptions; addTagHelper,9,2019-10-08,Page-builder component Razor view,Low (CC~1)
Web (WebVella.Erp.Web),WebVella.Erp.Web/Components/PcLazyLoad/Help.cshtml,Razor (.cshtml),(markup/partial),1,2019-01-22,Page-builder component Razor view,Low (CC~1)
Web (WebVella.Erp.Web),WebVella.Erp.Web/Components/PcLazyLoad/Options.cshtml,Razor (.cshtml),using:WebVella.Erp.Web.Utils; using:WebVella.Erp.Web; using:WebVella.Erp.Web.Components; addTagHelper,18,2019-10-08,Page-builder component Razor view,Low (CC~1)
Web (WebVella.Erp.Web),WebVella.Erp.Web/Components/PcLazyLoad/PcLazyLoad.cs,C#,WebVella.Erp.Exceptions; WebVella.Erp.Web.Models; WebVella.Erp.Web.Services; Newtonsoft.Json; System; System.Collections.Generic; (+1 more),114,2019-10-08,Page-builder component implementation,High (CC~19)
Web (WebVella.Erp.Web),WebVella.Erp.Web/Components/PcLazyLoad/service.js,JavaScript,WebVella,1,2019-12-09,Page-builder component client-side service script,Watch (CC~13)
Web (WebVella.Erp.Web),WebVella.Erp.Web/Components/PcModal/Design.cshtml,Razor (.cshtml),using:WebVella.Erp.Web.Utils; using:WebVella.Erp.Web.Components; using:WebVella.Erp.Web.Models; addTagHelper,15,2019-10-08,Page-builder component Razor view,Low (CC~1)
Web (WebVella.Erp.Web),WebVella.Erp.Web/Components/PcModal/Display.cshtml,Razor (.cshtml),using:WebVella.Erp.Web.Utils; using:WebVella.Erp.Web.Components; using:WebVella.Erp.Web.Models; addTagHelper,49,2019-10-17,Page-builder component Razor view,Low (CC~9)
Web (WebVella.Erp.Web),WebVella.Erp.Web/Components/PcModal/Error.cshtml,Razor (.cshtml),using:WebVella.Erp.Web.Utils; using:WebVella.Erp.Exceptions; addTagHelper,9,2019-10-08,Page-builder component Razor view,Low (CC~1)
Web (WebVella.Erp.Web),WebVella.Erp.Web/Components/PcModal/Help.cshtml,Razor (.cshtml),(markup/partial),2,2019-10-17,Page-builder component Razor view,Low (CC~1)
Web (WebVella.Erp.Web),WebVella.Erp.Web/Components/PcModal/Options.cshtml,Razor (.cshtml),using:WebVella.Erp.Web.Utils; using:WebVella.Erp.Web.Components; using:WebVella.Erp.Api.Models; addTagHelper,36,2019-10-17,Page-builder component Razor view,Low (CC~1)
Web (WebVella.Erp.Web),WebVella.Erp.Web/Components/PcModal/PcModal.cs,C#,WebVella.Erp.Exceptions; WebVella.Erp.Web.Models; WebVella.Erp.Web.Services; WebVella.Erp.Web.Utils; WebVella.TagHelpers.Models; Newtonsoft.Json; (+4 more),129,2019-10-17,Page-builder component implementation,High (CC~18)
Web (WebVella.Erp.Web),WebVella.Erp.Web/Components/PcModal/service.js,JavaScript,WebVella,1,2019-12-09,Page-builder component client-side service script,Watch (CC~13)
Web (WebVella.Erp.Web),WebVella.Erp.Web/Components/PcPageHeader/Design.cshtml,Razor (.cshtml),using:WebVella.Erp.Web.Utils; using:WebVella.Erp.Web.Components; using:WebVella.Erp.Web.Models; addTagHelper,32,2019-10-08,Page-builder component Razor view,Low (CC~1)
Web (WebVella.Erp.Web),WebVella.Erp.Web/Components/PcPageHeader/Display.cshtml,Razor (.cshtml),using:WebVella.Erp.Web.Utils; using:WebVella.Erp.Web.Components; using:WebVella.Erp.Web; addTagHelper,88,2019-10-08,Page-builder component Razor view,High (CC~19)
Web (WebVella.Erp.Web),WebVella.Erp.Web/Components/PcPageHeader/Error.cshtml,Razor (.cshtml),using:WebVella.Erp.Web.Utils; using:WebVella.Erp.Exceptions; addTagHelper,9,2019-10-08,Page-builder component Razor view,Low (CC~1)
Web (WebVella.Erp.Web),WebVella.Erp.Web/Components/PcPageHeader/Help.cshtml,Razor (.cshtml),(markup/partial),1,2019-01-22,Page-builder component Razor view,Low (CC~1)
Web (WebVella.Erp.Web),WebVella.Erp.Web/Components/PcPageHeader/Options.cshtml,Razor (.cshtml),using:WebVella.Erp.Web.Utils; using:WebVella.Erp.Web.Components; using:WebVella.Erp.Web; addTagHelper,58,2019-10-08,Page-builder component Razor view,Low (CC~1)
Web (WebVella.Erp.Web),WebVella.Erp.Web/Components/PcPageHeader/PcPageHeader.cs,C#,WebVella.Erp.Exceptions; WebVella.Erp.Web.Models; WebVella.Erp.Web.Services; Newtonsoft.Json; System; System.Collections.Generic; (+2 more),260,2023-04-17,Page-builder component implementation,Split (CC~82)
Web (WebVella.Erp.Web),WebVella.Erp.Web/Components/PcPageHeader/service.js,JavaScript,WebVella,1,2019-12-09,Page-builder component client-side service script,Watch (CC~13)
Web (WebVella.Erp.Web),WebVella.Erp.Web/Components/PcRepeater/Design.cshtml,Razor (.cshtml),using:WebVella.Erp.Web.Utils; using:WebVella.Erp.Web.Components; using:WebVella.Erp.Web.Models; addTagHelper,20,2019-10-08,Page-builder component Razor view,Low (CC~5)
Web (WebVella.Erp.Web),WebVella.Erp.Web/Components/PcRepeater/Display.cshtml,Razor (.cshtml),using:WebVella.Erp.Web.Utils; using:WebVella.Erp.Web.Components; using:WebVella.Erp.Web; addTagHelper,73,2019-10-08,Page-builder component Razor view,High (CC~19)
Web (WebVella.Erp.Web),WebVella.Erp.Web/Components/PcRepeater/Error.cshtml,Razor (.cshtml),using:WebVella.Erp.Web.Utils; using:WebVella.Erp.Exceptions; addTagHelper,9,2019-10-08,Page-builder component Razor view,Low (CC~1)
Web (WebVella.Erp.Web),WebVella.Erp.Web/Components/PcRepeater/Help.cshtml,Razor (.cshtml),(markup/partial),1,2019-01-22,Page-builder component Razor view,Low (CC~1)
Web (WebVella.Erp.Web),WebVella.Erp.Web/Components/PcRepeater/Options.cshtml,Razor (.cshtml),using:WebVella.Erp.Web.Utils; using:WebVella.Erp.Web; using:WebVella.Erp.Web.Components; addTagHelper,30,2019-10-13,Page-builder component Razor view,Low (CC~1)
Web (WebVella.Erp.Web),WebVella.Erp.Web/Components/PcRepeater/PcRepeater.cs,C#,WebVella.Erp.Api.Models; WebVella.Erp.Exceptions; WebVella.Erp.Web.Models; WebVella.Erp.Web.Services; Newtonsoft.Json; System; (+2 more),121,2019-10-08,Page-builder component implementation,High (CC~20)
Web (WebVella.Erp.Web),WebVella.Erp.Web/Components/PcRepeater/service.js,JavaScript,WebVella,1,2019-12-09,Page-builder component client-side service script,Watch (CC~13)
Web (WebVella.Erp.Web),WebVella.Erp.Web/Components/PcRow/Design.cshtml,Razor (.cshtml),using:WebVella.Erp.Web.Utils; using:WebVella.Erp.Web.Components; using:WebVella.Erp.Web.Models; addTagHelper,113,2019-10-08,Page-builder component Razor view,High (CC~25)
Web (WebVella.Erp.Web),WebVella.Erp.Web/Components/PcRow/Display.cshtml,Razor (.cshtml),using:WebVella.Erp.Web.Utils; using:WebVella.Erp.Web.Components; using:WebVella.Erp.Web.Models; addTagHelper,259,2019-10-08,Page-builder component Razor view,Split (CC~73)
Web (WebVella.Erp.Web),WebVella.Erp.Web/Components/PcRow/Error.cshtml,Razor (.cshtml),using:WebVella.Erp.Web.Utils; using:WebVella.Erp.Exceptions; addTagHelper,9,2019-10-08,Page-builder component Razor view,Low (CC~1)
Web (WebVella.Erp.Web),WebVella.Erp.Web/Components/PcRow/Help.cshtml,Razor (.cshtml),(markup/partial),1,2019-01-22,Page-builder component Razor view,Low (CC~1)
Web (WebVella.Erp.Web),WebVella.Erp.Web/Components/PcRow/Options.cshtml,Razor (.cshtml),using:WebVella.Erp.Web.Utils; using:WebVella.Erp.Web; using:WebVella.Erp.Web.Components; addTagHelper,105,2022-01-27,Page-builder component Razor view,High (CC~16)
Web (WebVella.Erp.Web),WebVella.Erp.Web/Components/PcRow/PcRow.cs,C#,WebVella.Erp.Exceptions; WebVella.Erp.Web.Models; WebVella.Erp.Web.Services; WebVella.Erp.Web.Utils; WebVella.TagHelpers.Models; Newtonsoft.Json; (+4 more),448,2019-11-06,Page-builder component implementation,Split (CC~143)
Web (WebVella.Erp.Web),WebVella.Erp.Web/Components/PcRow/service.js,JavaScript,jQuery; WebVella,27,2019-12-09,Page-builder component client-side service script,Low (CC~9)
Web (WebVella.Erp.Web),WebVella.Erp.Web/Components/PcSection/Design.cshtml,Razor (.cshtml),using:WebVella.Erp.Web.Utils; using:WebVella.Erp.Web.Components; using:WebVella.Erp.Web.Models; addTagHelper,15,2019-10-08,Page-builder component Razor view,Low (CC~1)
Web (WebVella.Erp.Web),WebVella.Erp.Web/Components/PcSection/Display.cshtml,Razor (.cshtml),using:WebVella.Erp.Web.Utils; using:WebVella.Erp.Web.Components; using:WebVella.Erp.Web.Models; addTagHelper,30,2019-10-08,Page-builder component Razor view,Low (CC~5)
Web (WebVella.Erp.Web),WebVella.Erp.Web/Components/PcSection/Error.cshtml,Razor (.cshtml),using:WebVella.Erp.Web.Utils; using:WebVella.Erp.Exceptions; addTagHelper,9,2019-10-08,Page-builder component Razor view,Low (CC~1)
Web (WebVella.Erp.Web),WebVella.Erp.Web/Components/PcSection/Help.cshtml,Razor (.cshtml),(markup/partial),1,2019-01-22,Page-builder component Razor view,Low (CC~1)
Web (WebVella.Erp.Web),WebVella.Erp.Web/Components/PcSection/Options.cshtml,Razor (.cshtml),using:WebVella.Erp.Web.Utils; using:WebVella.Erp.Web.Components; using:WebVella.Erp.Api.Models; addTagHelper,52,2019-10-13,Page-builder component Razor view,Low (CC~1)
Web (WebVella.Erp.Web),WebVella.Erp.Web/Components/PcSection/PcSection.cs,C#,WebVella.Erp.Exceptions; WebVella.Erp.Web.Models; WebVella.Erp.Web.Services; WebVella.Erp.Web.Utils; WebVella.TagHelpers.Models; Newtonsoft.Json; (+6 more),243,2020-01-16,Page-builder component implementation,Split (CC~43)
Web (WebVella.Erp.Web),WebVella.Erp.Web/Components/PcSection/service.js,JavaScript,WebVella,1,2019-12-09,Page-builder component client-side service script,Watch (CC~13)
Web (WebVella.Erp.Web),WebVella.Erp.Web/Components/PcTabNav/Design-Pills.cshtml,Razor (.cshtml),using:WebVella.Erp.Web.Utils; using:WebVella.Erp.Web.Components; using:WebVella.Erp.Web.Models; addTagHelper,98,2019-10-08,Page-builder component Razor view,High (CC~29)
Web (WebVella.Erp.Web),WebVella.Erp.Web/Components/PcTabNav/Design-Tabs.cshtml,Razor (.cshtml),using:WebVella.Erp.Web.Utils; using:WebVella.Erp.Web.Components; using:WebVella.Erp.Web.Models; addTagHelper,104,2019-10-08,Page-builder component Razor view,High (CC~29)
Web (WebVella.Erp.Web),WebVella.Erp.Web/Components/PcTabNav/Display-Pills.cshtml,Razor (.cshtml),using:WebVella.Erp.Web.Utils; using:WebVella.Erp.Web.Components; using:WebVella.Erp.Web.Models; addTagHelper,206,2019-10-08,Page-builder component Razor view,Split (CC~57)
Web (WebVella.Erp.Web),WebVella.Erp.Web/Components/PcTabNav/Display-Tabs.cshtml,Razor (.cshtml),using:WebVella.Erp.Web.Utils; using:WebVella.Erp.Web.Components; using:WebVella.Erp.Web.Models; addTagHelper,212,2019-10-08,Page-builder component Razor view,Split (CC~57)
Web (WebVella.Erp.Web),WebVella.Erp.Web/Components/PcTabNav/Error.cshtml,Razor (.cshtml),using:WebVella.Erp.Web.Utils; using:WebVella.Erp.Exceptions; addTagHelper,9,2019-10-08,Page-builder component Razor view,Low (CC~1)
Web (WebVella.Erp.Web),WebVella.Erp.Web/Components/PcTabNav/Help.cshtml,Razor (.cshtml),(markup/partial),1,2019-01-22,Page-builder component Razor view,Low (CC~1)
Web (WebVella.Erp.Web),WebVella.Erp.Web/Components/PcTabNav/Options.cshtml,Razor (.cshtml),using:WebVella.Erp.Web.Utils; using:WebVella.Erp.Web; using:WebVella.Erp.Web.Components; addTagHelper,43,2019-10-08,Page-builder component Razor view,Low (CC~4)
Web (WebVella.Erp.Web),WebVella.Erp.Web/Components/PcTabNav/PcTabNav.cs,C#,WebVella.Erp.Exceptions; WebVella.Erp.Web.Models; WebVella.Erp.Web.Services; WebVella.Erp.Web.Utils; Newtonsoft.Json; System; (+2 more),170,2019-10-08,Page-builder component implementation,High (CC~22)
Web (WebVella.Erp.Web),WebVella.Erp.Web/Components/PcTabNav/service.js,JavaScript,jQuery; WebVella,43,2019-12-09,Page-builder component client-side service script,Watch (CC~15)
Web (WebVella.Erp.Web),WebVella.Erp.Web/Components/PcValidation/Design.cshtml,Razor (.cshtml),using:WebVella.Erp.Web.Utils; using:WebVella.Erp.Web.Components; using:WebVella.Erp.Web.Models; addTagHelper,10,2019-10-08,Page-builder component Razor view,Low (CC~1)
Web (WebVella.Erp.Web),WebVella.Erp.Web/Components/PcValidation/Display.cshtml,Razor (.cshtml),using:WebVella.Erp.Web.Utils; using:WebVella.Erp.Web; using:WebVella.Erp.Web.Models; addTagHelper,14,2020-02-04,Page-builder component Razor view,Low (CC~1)
Web (WebVella.Erp.Web),WebVella.Erp.Web/Components/PcValidation/Error.cshtml,Razor (.cshtml),using:WebVella.Erp.Web.Utils; using:WebVella.Erp.Exceptions; addTagHelper,9,2019-10-08,Page-builder component Razor view,Low (CC~1)
Web (WebVella.Erp.Web),WebVella.Erp.Web/Components/PcValidation/Help.cshtml,Razor (.cshtml),(markup/partial),4,2019-01-22,Page-builder component Razor view,Low (CC~1)
Web (WebVella.Erp.Web),WebVella.Erp.Web/Components/PcValidation/Options.cshtml,Razor (.cshtml),using:WebVella.Erp.Web.Utils; using:WebVella.Erp.Web; using:WebVella.Erp.Web.Models; addTagHelper,20,2019-10-08,Page-builder component Razor view,Low (CC~1)
Web (WebVella.Erp.Web),WebVella.Erp.Web/Components/PcValidation/PcValidation.cs,C#,WebVella.Erp.Exceptions; WebVella.Erp.Web.Models; WebVella.Erp.Web.Services; Newtonsoft.Json; System; System.Collections.Generic; (+1 more),116,2020-03-06,Page-builder component implementation,High (CC~18)
Web (WebVella.Erp.Web),WebVella.Erp.Web/Components/PcValidation/service.js,JavaScript,WebVella,1,2019-12-09,Page-builder component client-side service script,Watch (CC~13)
Web (WebVella.Erp.Web),WebVella.Erp.Web/Components/RenderHook/RenderHook.cs,C#,WebVella.Erp.Web.Hooks; WebVella.Erp.Web.Models; System; System.Collections.Generic; System.Dynamic; System.Linq; (+1 more),61,2019-12-08,Page-builder component implementation,Watch (CC~13)
Web (WebVella.Erp.Web),WebVella.Erp.Web/Components/RenderHook/RenderHook.cshtml,Razor (.cshtml),(markup/partial),7,2019-01-22,Page-builder component Razor view,Low (CC~5)
Web (WebVella.Erp.Web),WebVella.Erp.Web/Components/ScreenMessage/Default.cshtml,Razor (.cshtml),using:WebVella.Erp.Web.Models; using:WebVella.Erp.Web.Utils,22,2019-01-22,Page-builder component Razor view,Low (CC~6)
Web (WebVella.Erp.Web),WebVella.Erp.Web/Components/ScreenMessage/ScreenMessageViewComponent.cs,C#,WebVella.Erp.Web.Hooks; WebVella.Erp.Web.Models; WebVella.Erp.Web.Utils; System; System.Collections.Generic; System.Linq; (+1 more),19,2019-01-22,Page-builder component implementation,Low (CC~1)
Web (WebVella.Erp.Web),WebVella.Erp.Web/Components/SearchNav/SearchNav.Default.cshtml,Razor (.cshtml),using:WebVella.Erp.Web.Models,3,2021-03-11,Page-builder component Razor view,Low (CC~1)
Web (WebVella.Erp.Web),WebVella.Erp.Web/Components/SearchNav/SearchNavViewComponent.cs,C#,WebVella.Erp.Web.Models; System; System.Collections.Generic; System.Threading.Tasks,15,2019-01-22,Page-builder component implementation,Low (CC~1)
Web (WebVella.Erp.Web),WebVella.Erp.Web/Components/SidebarMenu/SidebarMenu.cs,C#,WebVella.Erp.Api; WebVella.Erp.Web.Models; WebVella.Erp.Web.Services; System; System.Collections.Generic; System.Linq; (+1 more),24,2019-01-22,Page-builder component implementation,Low (CC~1)
Web (WebVella.Erp.Web),WebVella.Erp.Web/Components/SidebarMenu/SidebarMenu.cshtml,Razor (.cshtml),using:WebVella.Erp.Web.Models; addTagHelper,18,2019-03-16,Page-builder component Razor view,Low (CC~4)
Web (WebVella.Erp.Web),WebVella.Erp.Web/Components/SiteMenu/SiteMenu.cs,C#,WebVella.Erp.Web.Models; WebVella.Erp.Web.Services; System.Threading.Tasks,20,2019-01-22,Page-builder component implementation,Low (CC~1)
Web (WebVella.Erp.Web),WebVella.Erp.Web/Components/SiteMenu/SiteMenu.cshtml,Razor (.cshtml),using:WebVella.Erp.Api.Models; using:WebVella.Erp.Web.Models,29,2020-02-05,Page-builder component Razor view,Low (CC~7)
Web (WebVella.Erp.Web),WebVella.Erp.Web/Components/ToobarMenu/ToobarMenu.cs,C#,WebVella.Erp.Web.Models; Newtonsoft.Json; System; System.Collections.Generic; System.Threading.Tasks,22,2019-01-22,Page-builder component implementation,Low (CC~1)
Web (WebVella.Erp.Web),WebVella.Erp.Web/Components/ToobarMenu/ToobarMenu.cshtml,Razor (.cshtml),using:WebVella.Erp.Web.Models; addTagHelper,15,2019-03-16,Page-builder component Razor view,Low (CC~4)
Web (WebVella.Erp.Web),WebVella.Erp.Web/Components/UserMenu/UserMenu.cs,C#,WebVella.Erp.Api; WebVella.Erp.Web.Models; WebVella.Erp.Web.Services; System; System.Collections.Generic; System.Linq; (+1 more),24,2019-01-22,Page-builder component implementation,Low (CC~1)
Web (WebVella.Erp.Web),WebVella.Erp.Web/Components/UserMenu/UserMenu.cshtml,Razor (.cshtml),using:WebVella.Erp.Web.Models; addTagHelper,11,2019-03-16,Page-builder component Razor view,Low (CC~4)
Web (WebVella.Erp.Web),WebVella.Erp.Web/Components/UserNav/UserNav.Default.cshtml,Razor (.cshtml),using:WebVella.Erp.Api.Models,33,2020-02-05,Page-builder component Razor view,Low (CC~10)
Web (WebVella.Erp.Web),WebVella.Erp.Web/Components/UserNav/UserNavViewComponent.cs,C#,WebVella.Erp.Api; WebVella.Erp.Web.Services; System.Linq; System.Threading.Tasks,26,2019-08-23,Page-builder component implementation,Low (CC~2)
Web (WebVella.Erp.Web),WebVella.Erp.Web/Controllers/ApiControllerBase.cs,C#,WebVella.Erp.Api.Models; System; System.Net; Microsoft.AspNetCore.Authorization,53,2019-02-21,Base class for API controllers (shared request/response handling),Low (CC~7)
Web (WebVella.Erp.Web),WebVella.Erp.Web/Controllers/WebApiController.cs,C#,WebVella.Erp.Api; WebVella.Erp.Api.Models; WebVella.Erp.Api.Models.AutoMapper; WebVella.Erp.Database; WebVella.Erp.Diagnostics; WebVella.Erp.Eql; (+25 more),3645,2025-01-14,Centralized monolithic Web API controller (primary REST surface),Split (CC~653)
Web (WebVella.Erp.Web),WebVella.Erp.Web/Datasource/CurrentDate.cs,C#,WebVella.Erp.Api.Models; WebVella.Erp.Web.Models; System.Collections.Generic,42,2019-01-22,Datasource provider component,Low (CC~7)
Web (WebVella.Erp.Web),WebVella.Erp.Web/Datasource/CurrentDateTime.cs,C#,WebVella.Erp.Api.Models; WebVella.Erp.Web.Models; System.Collections.Generic,42,2019-01-22,Datasource provider component,Low (CC~7)
Web (WebVella.Erp.Web),WebVella.Erp.Web/Datasource/EntityRecordListToSelectOptionConverter.cs,C#,WebVella.Erp.Api.Models; WebVella.Erp.Web.Models; System.Collections.Generic; System.Linq,205,2021-04-05,Datasource provider component,Split (CC~40)
Web (WebVella.Erp.Web),WebVella.Erp.Web/ErpAppContext.cs,C#,WebVella.Erp.Api; WebVella.Erp.Api.Models; WebVella.Erp.Web.Models; WebVella.Erp.Web.Services; WebVella.Erp.Web.Utils; Wangkanai.Detection; (+8 more),60,2022-01-27,C# source component,Low (CC~1)
Web (WebVella.Erp.Web),WebVella.Erp.Web/ErpDateTimeJsonConverter.cs,C#,Newtonsoft.Json; System,50,2019-01-22,C# source component,Low (CC~8)
Web (WebVella.Erp.Web),WebVella.Erp.Web/ErpMvcExtensions.cs,C#,WebVella.Erp.Api; WebVella.Erp.Api.Models.AutoMapper; WebVella.Erp.Database; WebVella.Erp.Jobs; WebVella.Erp.Web.Middleware; WebVella.Erp.Web.Models; (+13 more),139,2020-08-07,C# source component,Watch (CC~12)
Web (WebVella.Erp.Web),WebVella.Erp.Web/ErpRequestContext.cs,C#,WebVella.Erp.Api; WebVella.Erp.Api.Models; WebVella.Erp.Api.Models.AutoMapper; WebVella.Erp.Web.Models; WebVella.Erp.Web.Services; Wangkanai.Detection.Services; (+4 more),176,2023-01-04,C# source component,Split (CC~75)
Web (WebVella.Erp.Web),WebVella.Erp.Web/ErpViewLocationExpander.cs,C#,Microsoft.AspNetCore.Mvc.Razor; System.Collections.Generic; System.Linq,19,2019-01-22,C# source component,Low (CC~1)
Web (WebVella.Erp.Web),WebVella.Erp.Web/Hooks/IApplicationHomePageHook.cs,C#,WebVella.Erp.Hooks; WebVella.Erp.Web.Pages.Application,12,2019-01-22,Hook / extensibility callback component,Low (CC~1)
Web (WebVella.Erp.Web),WebVella.Erp.Web/Hooks/IApplicationNodePageHook.cs,C#,WebVella.Erp.Hooks; WebVella.Erp.Web.Pages.Application,12,2019-01-22,Hook / extensibility callback component,Low (CC~1)
Web (WebVella.Erp.Web),WebVella.Erp.Web/Hooks/IIndexPageHook.cs,C#,WebVella.Erp.Hooks; WebVella.Erp.Web.Pages; WebVella.Erp.Web.Pages.Application,13,2019-01-22,Hook / extensibility callback component,Low (CC~1)
Web (WebVella.Erp.Web),WebVella.Erp.Web/Hooks/ILoginPageHook.cs,C#,WebVella.Erp.Api.Models; WebVella.Erp.Hooks; WebVella.Erp.Web.Pages,13,2019-01-22,Hook / extensibility callback component,Low (CC~1)
Web (WebVella.Erp.Web),WebVella.Erp.Web/Hooks/ILogoutPageHook.cs,C#,WebVella.Erp.Hooks; WebVella.Erp.Web.Pages,12,2019-01-22,Hook / extensibility callback component,Low (CC~1)
Web (WebVella.Erp.Web),WebVella.Erp.Web/Hooks/IPageHook.cs,C#,WebVella.Erp.Hooks; WebVella.Erp.Web.Models,12,2019-01-22,Hook / extensibility callback component,Low (CC~1)
Web (WebVella.Erp.Web),WebVella.Erp.Web/Hooks/IRecordCreatePageHook.cs,C#,WebVella.Erp.Api.Models; WebVella.Erp.Exceptions; WebVella.Erp.Hooks; WebVella.Erp.Web.Pages.Application; System.Collections.Generic,15,2019-01-22,Hook / extensibility callback component,Low (CC~1)
Web (WebVella.Erp.Web),WebVella.Erp.Web/Hooks/IRecordDetailsPageHook.cs,C#,WebVella.Erp.Hooks; WebVella.Erp.Web.Pages.Application,11,2019-01-22,Hook / extensibility callback component,Low (CC~1)
Web (WebVella.Erp.Web),WebVella.Erp.Web/Hooks/IRecordListPageHook.cs,C#,WebVella.Erp.Hooks; WebVella.Erp.Web.Pages.Application,12,2019-01-22,Hook / extensibility callback component,Low (CC~1)
Web (WebVella.Erp.Web),WebVella.Erp.Web/Hooks/IRecordManagePageHook.cs,C#,WebVella.Erp.Api.Models; WebVella.Erp.Exceptions; WebVella.Erp.Hooks; WebVella.Erp.Web.Pages.Application; System.Collections.Generic,15,2019-01-22,Hook / extensibility callback component,Low (CC~1)
Web (WebVella.Erp.Web),WebVella.Erp.Web/Hooks/IRecordRelatedRecordCreatePageHook.cs,C#,WebVella.Erp.Api.Models; WebVella.Erp.Exceptions; WebVella.Erp.Hooks; WebVella.Erp.Web.Pages.Application; System.Collections.Generic,15,2019-01-22,Hook / extensibility callback component,Low (CC~1)
Web (WebVella.Erp.Web),WebVella.Erp.Web/Hooks/IRecordRelatedRecordDetailsPageHook.cs,C#,WebVella.Erp.Hooks; WebVella.Erp.Web.Pages.Application,11,2019-01-22,Hook / extensibility callback component,Low (CC~1)
Web (WebVella.Erp.Web),WebVella.Erp.Web/Hooks/IRecordRelatedRecordManagePageHook.cs,C#,WebVella.Erp.Api.Models; WebVella.Erp.Exceptions; WebVella.Erp.Hooks; WebVella.Erp.Web.Pages.Application; System.Collections.Generic,15,2019-01-22,Hook / extensibility callback component,Low (CC~1)
Web (WebVella.Erp.Web),WebVella.Erp.Web/Hooks/IRecordRelatedRecordsListPageHook.cs,C#,WebVella.Erp.Hooks; WebVella.Erp.Web.Pages.Application,12,2019-01-22,Hook / extensibility callback component,Low (CC~1)
Web (WebVella.Erp.Web),WebVella.Erp.Web/Hooks/ISitePageHook.cs,C#,WebVella.Erp.Hooks; WebVella.Erp.Web.Pages.Application,12,2019-01-22,Hook / extensibility callback component,Low (CC~1)
Web (WebVella.Erp.Web),WebVella.Erp.Web/Hooks/MasterPageHookAttachmentAttribute.cs,C#,(no using directives),17,2019-01-22,Hook / extensibility callback component,Low (CC~2)
Web (WebVella.Erp.Web),WebVella.Erp.Web/Hooks/TestHooks/TestApplicationHomePageHook.cs,C#,WebVella.Erp.Hooks; WebVella.Erp.Web.Pages.Application,18,2019-01-22,Hook / extensibility callback component,Low (CC~1)
Web (WebVella.Erp.Web),WebVella.Erp.Web/Hooks/TestHooks/TestApplicationNodePageHook.cs,C#,WebVella.Erp.Hooks; WebVella.Erp.Web.Pages.Application,18,2019-01-22,Hook / extensibility callback component,Low (CC~1)
Web (WebVella.Erp.Web),WebVella.Erp.Web/Hooks/TestHooks/TestLoginPageHook.cs,C#,WebVella.Erp.Api.Models; WebVella.Erp.Hooks; WebVella.Erp.Web.Pages,19,2019-01-22,Hook / extensibility callback component,Low (CC~1)
Web (WebVella.Erp.Web),WebVella.Erp.Web/Hooks/TestHooks/TestLogoutPageHook.cs,C#,WebVella.Erp.Hooks; WebVella.Erp.Web.Pages,18,2019-01-22,Hook / extensibility callback component,Low (CC~1)
Web (WebVella.Erp.Web),WebVella.Erp.Web/Hooks/TestHooks/TestRecordCreatePageHook.cs,C#,WebVella.Erp.Api.Models; WebVella.Erp.Exceptions; WebVella.Erp.Hooks; WebVella.Erp.Web.Pages.Application; WebVella.Erp.Web.Models; WebVella.Erp.Web.Utils; (+1 more),29,2019-01-22,Hook / extensibility callback component,Low (CC~3)
Web (WebVella.Erp.Web),WebVella.Erp.Web/Hooks/TestHooks/TestRecordManagePageHook.cs,C#,WebVella.Erp.Api.Models; WebVella.Erp.Exceptions; WebVella.Erp.Hooks; WebVella.Erp.Web.Models; WebVella.Erp.Web.Pages.Application; WebVella.Erp.Web.Utils; (+1 more),29,2019-01-22,Hook / extensibility callback component,Low (CC~3)
Web (WebVella.Erp.Web),WebVella.Erp.Web/Hooks/TestHooks/TestRecordRelatedRecordCreatePageHook.cs,C#,WebVella.Erp.Api.Models; WebVella.Erp.Exceptions; WebVella.Erp.Hooks; WebVella.Erp.Web.Models; WebVella.Erp.Web.Pages.Application; WebVella.Erp.Web.Utils; (+1 more),29,2019-01-22,Hook / extensibility callback component,Low (CC~3)
Web (WebVella.Erp.Web),WebVella.Erp.Web/Hooks/TestHooks/TestRecordRelatedRecrordManagePageHook.cs,C#,WebVella.Erp.Api.Models; WebVella.Erp.Exceptions; WebVella.Erp.Hooks; WebVella.Erp.Web.Models; WebVella.Erp.Web.Pages.Application; WebVella.Erp.Web.Utils; (+1 more),29,2019-01-22,Hook / extensibility callback component,Low (CC~3)
Web (WebVella.Erp.Web),WebVella.Erp.Web/Middleware/ErpAppBuilderExtensions.cs,C#,(no using directives),27,2022-06-09,ASP.NET Core middleware component,Low (CC~1)
Web (WebVella.Erp.Web),WebVella.Erp.Web/Middleware/ErpDebugLogMiddleware.cs,C#,Microsoft.AspNetCore.Http; System,27,2022-01-27,ASP.NET Core middleware component,Low (CC~2)
Web (WebVella.Erp.Web),WebVella.Erp.Web/Middleware/ErpErrorHandlingMiddleware.cs,C#,WebVella.Erp.Api; WebVella.Erp.Database; WebVella.Erp.Web.Services; System.Threading.Tasks; Microsoft.AspNetCore.Http,59,2019-01-22,ASP.NET Core middleware component,Low (CC~7)
Web (WebVella.Erp.Web),WebVella.Erp.Web/Middleware/ErpMiddleware.cs,C#,WebVella.Erp.Database; WebVella.Erp.Api; WebVella.Erp.Api.Models; WebVella.Erp.Web.Services; Microsoft.AspNetCore.Http; System; (+3 more),49,2019-12-09,ASP.NET Core middleware component,Low (CC~6)
Web (WebVella.Erp.Web),WebVella.Erp.Web/Middleware/JwtMiddleware.cs,C#,WebVella.Erp.Api; Microsoft.AspNetCore.Http; System; Microsoft.AspNetCore.Authentication; System.Linq; System.Security.Claims; (+1 more),58,2023-11-23,ASP.NET Core middleware component,Low (CC~10)
Web (WebVella.Erp.Web),WebVella.Erp.Web/Middleware/SecuritityCircuitHandler.cs,C#,WebVella.Erp.Api.Models; WebVella.Erp.Database; WebVella.Erp.Web.Services; Microsoft.AspNetCore.Components.Server.Circuits; System; System.Collections.Generic; (+2 more),41,2020-08-19,ASP.NET Core middleware component,Low (CC~3)
Web (WebVella.Erp.Web),WebVella.Erp.Web/Models/App.cs,C#,System; System.Collections.Generic,33,2019-01-22,Model / DTO / data structure,Low (CC~4)
Web (WebVella.Erp.Web),WebVella.Erp.Web/Models/AppEntity.cs,C#,WebVella.Erp.Api.Models; System; System.Collections.Generic; System.Text,15,2019-01-22,Model / DTO / data structure,Low (CC~1)
Web (WebVella.Erp.Web),WebVella.Erp.Web/Models/Automapper/AutoMapperConfiguration.cs,C#,WebVella.Erp.Web.Models.AutoMapper.Profiles; AutoMapper.Configuration; AutoMapper,33,2022-01-27,Model / DTO / data structure,Low (CC~3)
Web (WebVella.Erp.Web),WebVella.Erp.Web/Models/Automapper/Profiles/AppProfile.cs,C#,WebVella.Erp.Api.Models.AutoMapper; Newtonsoft.Json.Linq; System; System.Collections.Generic,54,2019-01-22,Model / DTO / data structure,Watch (CC~11)
Web (WebVella.Erp.Web),WebVella.Erp.Web/Models/Automapper/Profiles/ErpPageProfile.cs,C#,WebVella.Erp.Api.Models; WebVella.Erp.Api.Models.AutoMapper; AutoMapper; Newtonsoft.Json.Linq; Newtonsoft.Json; System.Collections.Generic,63,2019-01-22,Model / DTO / data structure,Low (CC~8)
Web (WebVella.Erp.Web),WebVella.Erp.Web/Models/Automapper/Profiles/PageBodyNodeProfile.cs,C#,System; System.Data,30,2019-01-22,Model / DTO / data structure,Watch (CC~12)
Web (WebVella.Erp.Web),WebVella.Erp.Web/Models/Automapper/Profiles/PageDataSourceProfile.cs,C#,WebVella.Erp.Api.Models; WebVella.Erp.Api; AutoMapper; Newtonsoft.Json.Linq; Newtonsoft.Json; System.Collections.Generic; (+3 more),35,2019-01-22,Model / DTO / data structure,Low (CC~3)
Web (WebVella.Erp.Web),WebVella.Erp.Web/Models/Automapper/Profiles/SitemapAreaProfile.cs,C#,WebVella.Erp.Api.Models; WebVella.Erp.Api; WebVella.Erp.Api.Models.AutoMapper; AutoMapper; Newtonsoft.Json.Linq; Newtonsoft.Json; (+3 more),62,2019-01-22,Model / DTO / data structure,Low (CC~10)
Web (WebVella.Erp.Web),WebVella.Erp.Web/Models/Automapper/Profiles/SitemapGroupProfile.cs,C#,WebVella.Erp.Api.Models; WebVella.Erp.Api; AutoMapper; Newtonsoft.Json.Linq; Newtonsoft.Json; System.Collections.Generic; (+2 more),40,2019-01-22,Model / DTO / data structure,Low (CC~5)
Web (WebVella.Erp.Web),WebVella.Erp.Web/Models/Automapper/Profiles/SitemapNodeProfile.cs,C#,WebVella.Erp.Api.Models; WebVella.Erp.Api; AutoMapper; Newtonsoft.Json.Linq; Newtonsoft.Json; System.Collections.Generic; (+3 more),118,2020-02-06,Model / DTO / data structure,High (CC~28)
Web (WebVella.Erp.Web),WebVella.Erp.Web/Models/Automapper/Profiles/ValidationErrorProfile.cs,C#,WebVella.Erp.Api.Models; WebVella.Erp.Api; WebVella.Erp.Api.Models.AutoMapper; WebVella.Erp.Exceptions; AutoMapper; Newtonsoft.Json.Linq; (+3 more),26,2019-01-22,Model / DTO / data structure,Low (CC~2)
Web (WebVella.Erp.Web),WebVella.Erp.Web/Models/BaseErpPageModel.cs,C#,WebVella.Erp.Api.Models; WebVella.Erp.Exceptions; WebVella.Erp.Web.Services; WebVella.Erp.Web.Utils; Microsoft.AspNetCore.Authorization; Microsoft.AspNetCore.Mvc; (+6 more),389,2022-02-04,Model / DTO / data structure,Split (CC~105)
Web (WebVella.Erp.Web),WebVella.Erp.Web/Models/ComponentMode.cs,C#,(no using directives),10,2019-01-22,Model / DTO / data structure,Low (CC~1)
Web (WebVella.Erp.Web),WebVella.Erp.Web/Models/DataSourceCodeTestModel.cs,C#,WebVella.Erp.Api.Models; System.Collections.Generic,11,2019-01-22,Model / DTO / data structure,Low (CC~1)
Web (WebVella.Erp.Web),WebVella.Erp.Web/Models/DataSourceTestModel.cs,C#,WebVella.Erp.Api.Models; System.Collections.Generic,19,2024-06-11,Model / DTO / data structure,Low (CC~1)
Web (WebVella.Erp.Web),WebVella.Erp.Web/Models/DatasourceVariable.cs,C#,WebVella.Erp.Api.Models; System; System.Collections.Generic; System.Text,24,2019-12-05,Model / DTO / data structure,Low (CC~1)
Web (WebVella.Erp.Web),WebVella.Erp.Web/Models/EqlQuery.cs,C#,WebVella.Erp.Api.Models; WebVella.Erp.Eql; System.Collections.Generic,21,2022-06-10,Model / DTO / data structure,Low (CC~1)
Web (WebVella.Erp.Web),WebVella.Erp.Web/Models/ErpPage.cs,C#,WebVella.Erp.Api.Models; WebVella.Erp.Web.Services; System; System.Collections.Generic,56,2019-01-25,Model / DTO / data structure,Watch (CC~11)
Web (WebVella.Erp.Web),WebVella.Erp.Web/Models/ErpTranslationDictionary.cs,C#,System; System.Collections.Generic; System.Linq; System.Threading.Tasks,22,2019-01-22,Model / DTO / data structure,Low (CC~1)
Web (WebVella.Erp.Web),WebVella.Erp.Web/Models/Filter.cs,C#,System; System.Collections.Generic; System.Text,20,2019-01-22,Model / DTO / data structure,Low (CC~1)
Web (WebVella.Erp.Web),WebVella.Erp.Web/Models/FilterType.cs,C#,WebVella.Erp.Api.Models; System.Collections.Generic; System.ComponentModel; System.Text,36,2019-01-22,Model / DTO / data structure,Low (CC~1)
Web (WebVella.Erp.Web),WebVella.Erp.Web/Models/ICodeVariable.cs,C#,(no using directives),7,2019-01-22,Model / DTO / data structure,Low (CC~1)
Web (WebVella.Erp.Web),WebVella.Erp.Web/Models/JwtTokenModels.cs,C#,(no using directives),12,2022-06-09,Model / DTO / data structure,Low (CC~1)
Web (WebVella.Erp.Web),WebVella.Erp.Web/Models/KeyStringList.cs,C#,System; System.Collections.Generic; System.Text,14,2019-01-22,Model / DTO / data structure,Low (CC~1)
Web (WebVella.Erp.Web),WebVella.Erp.Web/Models/LinkTagInclude.cs,C#,System; System.Collections.Generic; System.Text,57,2019-01-22,Model / DTO / data structure,Low (CC~5)
Web (WebVella.Erp.Web),WebVella.Erp.Web/Models/ListFilter.cs,C#,WebVella.Erp.Api.Models; System; System.Collections.Generic; System.Linq; System.Threading.Tasks,18,2019-06-06,Model / DTO / data structure,Low (CC~1)
Web (WebVella.Erp.Web),WebVella.Erp.Web/Models/MenuItem.cs,C#,System; System.Collections.Generic,27,2020-02-04,Model / DTO / data structure,Low (CC~2)
Web (WebVella.Erp.Web),WebVella.Erp.Web/Models/MetaTagInclude.cs,C#,System; System.Collections.Generic; System.Text,18,2019-01-22,Model / DTO / data structure,Low (CC~1)
Web (WebVella.Erp.Web),WebVella.Erp.Web/Models/ModelNode.cs,C#,WebVella.Erp.Api.Models; System; System.Collections.Generic; System.Text,27,2019-01-22,Model / DTO / data structure,Low (CC~2)
Web (WebVella.Erp.Web),WebVella.Erp.Web/Models/MovedNodeInfo.cs,C#,System; System.Collections.Generic; System.Text,22,2019-01-22,Model / DTO / data structure,Low (CC~3)
Web (WebVella.Erp.Web),WebVella.Erp.Web/Models/PageBodyNode.cs,C#,System; System.Collections.Generic,27,2019-01-22,Model / DTO / data structure,Low (CC~4)
Web (WebVella.Erp.Web),WebVella.Erp.Web/Models/PageComponent.cs,C#,Newtonsoft.Json.Linq; System; System.Threading.Tasks,21,2019-10-08,Model / DTO / data structure,Low (CC~1)
Web (WebVella.Erp.Web),WebVella.Erp.Web/Models/PageComponentAttribute.cs,C#,System; System.Collections.Generic,27,2019-01-22,Model / DTO / data structure,Low (CC~1)
Web (WebVella.Erp.Web),WebVella.Erp.Web/Models/PageComponentContext.cs,C#,System; System.Collections.Generic,22,2019-01-22,Model / DTO / data structure,Low (CC~2)
Web (WebVella.Erp.Web),WebVella.Erp.Web/Models/PageComponentMeta.cs,C#,System,38,2019-01-22,Model / DTO / data structure,Low (CC~1)
Web (WebVella.Erp.Web),WebVella.Erp.Web/Models/PageDataModel.cs,C#,WebVella.Erp.Api; WebVella.Erp.Api.Models; WebVella.Erp.Eql; WebVella.Erp.Web.Service; WebVella.Erp.Web.Services; System; (+4 more),760,2023-01-04,Model / DTO / data structure,Split (CC~144)
Web (WebVella.Erp.Web),WebVella.Erp.Web/Models/PageDataSource.cs,C#,WebVella.Erp.Api.Models; System; System.Collections.Generic,20,2019-01-22,Model / DTO / data structure,Low (CC~1)
Web (WebVella.Erp.Web),WebVella.Erp.Web/Models/PageSwitchItem.cs,C#,System; System.Collections.Generic,15,2019-01-22,Model / DTO / data structure,Low (CC~1)
Web (WebVella.Erp.Web),WebVella.Erp.Web/Models/PageType.cs,C#,WebVella.Erp.Api.Models,22,2019-01-22,Model / DTO / data structure,Low (CC~1)
Web (WebVella.Erp.Web),WebVella.Erp.Web/Models/PageUtilsActionType.cs,C#,System.Collections.Generic; System.Text,13,2019-01-22,Model / DTO / data structure,Low (CC~1)
Web (WebVella.Erp.Web),WebVella.Erp.Web/Models/PageVisit.cs,C#,System; System.Collections.Generic; System.Text,34,2019-01-22,Model / DTO / data structure,Low (CC~9)
Web (WebVella.Erp.Web),WebVella.Erp.Web/Models/QueryFilterJson.cs,C#,System; System.Collections.Generic; System.Linq; System.Threading.Tasks,32,2019-01-22,Model / DTO / data structure,Low (CC~1)
Web (WebVella.Erp.Web),WebVella.Erp.Web/Models/QuerySortJson.cs,C#,System; System.Collections.Generic; System.Linq; System.Threading.Tasks,24,2019-01-22,Model / DTO / data structure,Low (CC~1)
Web (WebVella.Erp.Web),WebVella.Erp.Web/Models/ScreenMessage.cs,C#,WebVella.Erp.Api.Models; System; System.ComponentModel,29,2019-01-22,Model / DTO / data structure,Low (CC~1)
Web (WebVella.Erp.Web),WebVella.Erp.Web/Models/ScriptTagInclude.cs,C#,System; System.Collections.Generic; System.Text,46,2019-07-13,Model / DTO / data structure,Low (CC~4)
Web (WebVella.Erp.Web),WebVella.Erp.Web/Models/SelectOptionsAjaxDatasource.cs,C#,WebVella.Erp.Api.Models; System; System.Collections.Generic; System.Text,23,2020-02-14,Model / DTO / data structure,Low (CC~1)
Web (WebVella.Erp.Web),WebVella.Erp.Web/Models/Sitemap.cs,C#,System; System.Collections.Generic; System.Text,12,2019-01-22,Model / DTO / data structure,Low (CC~1)
Web (WebVella.Erp.Web),WebVella.Erp.Web/Models/SitemapArea.cs,C#,WebVella.Erp.Api.Models; System; System.Collections.Generic; System.Text,39,2019-01-22,Model / DTO / data structure,Low (CC~6)
Web (WebVella.Erp.Web),WebVella.Erp.Web/Models/SitemapGroup.cs,C#,WebVella.Erp.Api.Models; System; System.Collections.Generic; System.Text,23,2019-01-22,Model / DTO / data structure,Low (CC~6)
Web (WebVella.Erp.Web),WebVella.Erp.Web/Models/SitemapNode.cs,C#,WebVella.Erp.Api.Models; System; System.Collections.Generic; System.Text,43,2020-02-04,Model / DTO / data structure,Low (CC~7)
Web (WebVella.Erp.Web),WebVella.Erp.Web/Models/SitemapNodeType.cs,C#,WebVella.Erp.Api.Models; System.Collections.Generic; System.ComponentModel; System.Text,17,2019-01-22,Model / DTO / data structure,Low (CC~1)
Web (WebVella.Erp.Web),WebVella.Erp.Web/Models/Snippet.cs,C#,System.Reflection,16,2019-12-05,Model / DTO / data structure,Low (CC~1)
Web (WebVella.Erp.Web),WebVella.Erp.Web/Models/TabNavRenderType.cs,C#,WebVella.Erp.Api.Models,12,2019-01-22,Model / DTO / data structure,Low (CC~1)
Web (WebVella.Erp.Web),WebVella.Erp.Web/Models/Theme.cs,C#,System; System.Collections.Generic; System.Linq; System.Threading.Tasks,195,2019-12-31,Model / DTO / data structure,Low (CC~1)
Web (WebVella.Erp.Web),WebVella.Erp.Web/Models/TranslationResource.cs,C#,System; System.Collections.Generic; System.Text,16,2019-01-22,Model / DTO / data structure,Low (CC~1)
Web (WebVella.Erp.Web),WebVella.Erp.Web/Models/TypeaheadResponse.cs,C#,System; System.Collections.Generic; System.Linq; System.Threading.Tasks,34,2019-01-22,Model / DTO / data structure,Low (CC~1)
Web (WebVella.Erp.Web),WebVella.Erp.Web/Models/UrlInfo.cs,C#,System,26,2019-01-22,Model / DTO / data structure,Low (CC~4)
Web (WebVella.Erp.Web),WebVella.Erp.Web/Models/WebSettings.cs,C#,System,10,2019-01-22,Model / DTO / data structure,Low (CC~1)
Web (WebVella.Erp.Web),WebVella.Erp.Web/Pages/ApplicationHome.cshtml,Razor (.cshtml),@page; model:WebVella.Erp.Web.Pages.Application.ApplicationHomePageModel; using:WebVella.Erp.Web.Utils,32,2019-01-22,Razor Page view,Low (CC~8)
Web (WebVella.Erp.Web),WebVella.Erp.Web/Pages/ApplicationHome.cshtml.cs,C#,WebVella.Erp.Diagnostics; WebVella.Erp.Exceptions; WebVella.Erp.Hooks; WebVella.Erp.Web.Hooks; WebVella.Erp.Web.Models; System,82,2019-10-15,Razor Page model (code-behind / page handler),High (CC~17)
Web (WebVella.Erp.Web),WebVella.Erp.Web/Pages/ApplicationNode.cshtml,Razor (.cshtml),@page; model:WebVella.Erp.Web.Pages.Application.ApplicationNodePageModel; using:WebVella.Erp.Web.Utils,32,2019-01-22,Razor Page view,Low (CC~8)
Web (WebVella.Erp.Web),WebVella.Erp.Web/Pages/ApplicationNode.cshtml.cs,C#,WebVella.Erp.Diagnostics; WebVella.Erp.Exceptions; WebVella.Erp.Hooks; WebVella.Erp.Web.Hooks; WebVella.Erp.Web.Models; Microsoft.AspNetCore.Mvc.RazorPages; (+1 more),86,2019-10-15,Razor Page model (code-behind / page handler),High (CC~18)
Web (WebVella.Erp.Web),WebVella.Erp.Web/Pages/Dev.cshtml,Razor (.cshtml),@page; model:WebVella.Erp.Web.Pages.Dev.DevModel,39,2020-03-06,Razor Page view,Low (CC~2)
Web (WebVella.Erp.Web),WebVella.Erp.Web/Pages/Dev.cshtml.cs,C#,WebVella.Erp.Diagnostics; WebVella.Erp.Hooks; WebVella.Erp.Web.Hooks; WebVella.Erp.Web.Models; System,15,2020-02-04,Razor Page model (code-behind / page handler),Low (CC~1)
Web (WebVella.Erp.Web),WebVella.Erp.Web/Pages/HelloWorld.razor,Blazor (.razor),using:System.Net.Http; using:Microsoft.AspNetCore.Authorization; using:Microsoft.AspNetCore.Components.Forms; using:Microsoft.AspNetCore.Components.Routing; inject:IJSRuntime,67,2022-01-27,Blazor routable page component,Low (CC~8)
Web (WebVella.Erp.Web),WebVella.Erp.Web/Pages/Index.cshtml,Razor (.cshtml),@page; model:WebVella.Erp.Web.Pages.HomePageModel; using:WebVella.Erp.Web.Utils,33,2019-01-22,Razor Page view,Low (CC~8)
Web (WebVella.Erp.Web),WebVella.Erp.Web/Pages/Index.cshtml.cs,C#,WebVella.Erp.Diagnostics; WebVella.Erp.Exceptions; WebVella.Erp.Hooks; WebVella.Erp.Web.Hooks; WebVella.Erp.Web.Models; System; (+1 more),87,2021-04-08,Razor Page model (code-behind / page handler),High (CC~17)
Web (WebVella.Erp.Web),WebVella.Erp.Web/Pages/RecordCreate.cshtml,Razor (.cshtml),@page; model:WebVella.Erp.Web.Pages.Application.RecordCreatePageModel; using:WebVella.Erp.Web.Utils,32,2019-01-22,Razor Page view,Low (CC~8)
Web (WebVella.Erp.Web),WebVella.Erp.Web/Pages/RecordCreate.cshtml.cs,C#,WebVella.Erp.Api; WebVella.Erp.Api.Models; WebVella.Erp.Api.Models.AutoMapper; WebVella.Erp.Diagnostics; WebVella.Erp.Exceptions; WebVella.Erp.Hooks; (+7 more),122,2019-10-15,Razor Page model (code-behind / page handler),High (CC~24)
Web (WebVella.Erp.Web),WebVella.Erp.Web/Pages/RecordDetails.cshtml,Razor (.cshtml),@page; model:WebVella.Erp.Web.Pages.Application.RecordDetailsPageModel; using:WebVella.Erp.Web.Utils,32,2019-01-22,Razor Page view,Low (CC~8)
Web (WebVella.Erp.Web),WebVella.Erp.Web/Pages/RecordDetails.cshtml.cs,C#,WebVella.Erp.Api; WebVella.Erp.Diagnostics; WebVella.Erp.Exceptions; WebVella.Erp.Hooks; WebVella.Erp.Web.Hooks; WebVella.Erp.Web.Models; (+1 more),97,2022-01-27,Razor Page model (code-behind / page handler),High (CC~24)
Web (WebVella.Erp.Web),WebVella.Erp.Web/Pages/RecordList.cshtml,Razor (.cshtml),@page; model:WebVella.Erp.Web.Pages.Application.RecordListPageModel; using:WebVella.Erp.Web.Utils,32,2019-01-22,Razor Page view,Low (CC~8)
Web (WebVella.Erp.Web),WebVella.Erp.Web/Pages/RecordList.cshtml.cs,C#,WebVella.Erp.Diagnostics; WebVella.Erp.Exceptions; WebVella.Erp.Hooks; WebVella.Erp.Web.Hooks; WebVella.Erp.Web.Models; System,87,2019-10-15,Razor Page model (code-behind / page handler),High (CC~18)
Web (WebVella.Erp.Web),WebVella.Erp.Web/Pages/RecordManage.cshtml,Razor (.cshtml),@page; model:WebVella.Erp.Web.Pages.Application.RecordManagePageModel; using:WebVella.Erp.Web.Utils,32,2019-01-22,Razor Page view,Low (CC~8)
Web (WebVella.Erp.Web),WebVella.Erp.Web/Pages/RecordManage.cshtml.cs,C#,WebVella.Erp.Api; WebVella.Erp.Api.Models; WebVella.Erp.Api.Models.AutoMapper; WebVella.Erp.Diagnostics; WebVella.Erp.Exceptions; WebVella.Erp.Hooks; (+7 more),126,2019-10-15,Razor Page model (code-behind / page handler),High (CC~27)
Web (WebVella.Erp.Web),WebVella.Erp.Web/Pages/RecordRelatedRecordCreate.cshtml,Razor (.cshtml),@page; model:WebVella.Erp.Web.Pages.Application.RecordRelatedRecordCreatePageModel; using:WebVella.Erp.Web.Utils,32,2019-01-22,Razor Page view,Low (CC~8)
Web (WebVella.Erp.Web),WebVella.Erp.Web/Pages/RecordRelatedRecordCreate.cshtml.cs,C#,WebVella.Erp.Api; WebVella.Erp.Api.Models; WebVella.Erp.Api.Models.AutoMapper; WebVella.Erp.Database; WebVella.Erp.Diagnostics; WebVella.Erp.Exceptions; (+8 more),145,2019-10-15,Razor Page model (code-behind / page handler),High (CC~26)
Web (WebVella.Erp.Web),WebVella.Erp.Web/Pages/RecordRelatedRecordDetails.cshtml,Razor (.cshtml),@page; model:WebVella.Erp.Web.Pages.Application.RecordRelatedRecordDetailsPageModel; using:WebVella.Erp.Web.Utils,32,2019-01-22,Razor Page view,Low (CC~8)
Web (WebVella.Erp.Web),WebVella.Erp.Web/Pages/RecordRelatedRecordDetails.cshtml.cs,C#,WebVella.Erp.Diagnostics; WebVella.Erp.Exceptions; WebVella.Erp.Hooks; WebVella.Erp.Web.Hooks; WebVella.Erp.Web.Models; System,83,2019-10-15,Razor Page model (code-behind / page handler),High (CC~18)
Web (WebVella.Erp.Web),WebVella.Erp.Web/Pages/RecordRelatedRecordManage.cshtml,Razor (.cshtml),@page; model:WebVella.Erp.Web.Pages.Application.RecordRelatedRecordManagePageModel; using:WebVella.Erp.Web.Utils,32,2019-01-22,Razor Page view,Low (CC~8)
Web (WebVella.Erp.Web),WebVella.Erp.Web/Pages/RecordRelatedRecordManage.cshtml.cs,C#,WebVella.Erp.Api; WebVella.Erp.Api.Models; WebVella.Erp.Api.Models.AutoMapper; WebVella.Erp.Diagnostics; WebVella.Erp.Exceptions; WebVella.Erp.Hooks; (+6 more),124,2019-10-15,Razor Page model (code-behind / page handler),High (CC~27)
Web (WebVella.Erp.Web),WebVella.Erp.Web/Pages/RecordRelatedRecordsList.cshtml,Razor (.cshtml),@page; model:WebVella.Erp.Web.Pages.Application.RecordRelatedRecordsListPageModel; using:WebVella.Erp.Web.Utils,32,2019-01-22,Razor Page view,Low (CC~8)
Web (WebVella.Erp.Web),WebVella.Erp.Web/Pages/RecordRelatedRecordsList.cshtml.cs,C#,WebVella.Erp.Diagnostics; WebVella.Erp.Exceptions; WebVella.Erp.Hooks; WebVella.Erp.Web.Hooks; WebVella.Erp.Web.Models; System,87,2019-10-15,Razor Page model (code-behind / page handler),High (CC~18)
Web (WebVella.Erp.Web),WebVella.Erp.Web/Pages/Shared/FieldTableDataPreview.cshtml,Razor (.cshtml),using:WebVella.Erp.Web.Models; using:WebVella.TagHelpers.Models,56,2020-01-14,Razor Page view,Watch (CC~13)
Web (WebVella.Erp.Web),WebVella.Erp.Web/Pages/Shared/NavItem.cshtml,Razor (.cshtml),using:WebVella.Erp.Web.Models,33,2020-02-04,Razor Page view,Low (CC~10)
Web (WebVella.Erp.Web),WebVella.Erp.Web/Pages/Shared/NavMenu.cshtml,Razor (.cshtml),using:WebVella.Erp.Web.Models,43,2020-02-04,Razor Page view,Watch (CC~15)
Web (WebVella.Erp.Web),WebVella.Erp.Web/Pages/Site.cshtml,Razor (.cshtml),@page; model:WebVella.Erp.Web.Pages.Application.SitePageModel; using:Newtonsoft.Json; using:Newtonsoft.Json.Linq; using:WebVella.Erp.Web.Utils,35,2019-01-22,Razor Page view,Low (CC~8)
Web (WebVella.Erp.Web),WebVella.Erp.Web/Pages/Site.cshtml.cs,C#,WebVella.Erp.Diagnostics; WebVella.Erp.Hooks; WebVella.Erp.Web.Hooks; WebVella.Erp.Web.Models; System,74,2019-10-15,Razor Page model (code-behind / page handler),High (CC~16)
Web (WebVella.Erp.Web),WebVella.Erp.Web/Pages/_AppMaster.cshtml,Razor (.cshtml),(markup/partial),30,2019-12-08,Razor layout/master page,Low (CC~1)
Web (WebVella.Erp.Web),WebVella.Erp.Web/Pages/_Imports.razor,Blazor (.razor),(Blazor markup),1,2020-02-04,Blazor global using/import directives,Low (CC~1)
Web (WebVella.Erp.Web),WebVella.Erp.Web/Pages/_SystemMaster.cshtml,Razor (.cshtml),using:WebVella.Erp,16,2020-02-06,Razor layout/master page,Low (CC~1)
Web (WebVella.Erp.Web),WebVella.Erp.Web/Pages/_ViewImports.cshtml,Razor (.cshtml),using:WebVella.Erp.Web; using:WebVella.Erp.Web.Components; using:WebVella.Erp.Web.Services; addTagHelper,11,2019-12-08,Razor view imports (usings/tag-helper registration),Low (CC~1)
Web (WebVella.Erp.Web),WebVella.Erp.Web/Pages/_ViewStart.cshtml,Razor (.cshtml),(markup/partial),4,2019-01-22,Razor view start (layout selection),Low (CC~1)
Web (WebVella.Erp.Web),WebVella.Erp.Web/Pages/ckeditor/ImageFinder.cshtml,Razor (.cshtml),@page; model:WebVella.Erp.Web.Pages.JsAdminImageFinderModel; using:System.Collections.Generic,360,2019-12-02,Razor Page view,Split (CC~36)
Web (WebVella.Erp.Web),WebVella.Erp.Web/Pages/ckeditor/ImageFinder.cshtml.cs,C#,WebVella.Erp.Web.Services; Newtonsoft.Json; System.Collections.Generic; System.Linq; System.Threading.Tasks; Microsoft.AspNetCore.Mvc; (+1 more),174,2019-01-22,Razor Page model (code-behind / page handler),Low (CC~1)
Web (WebVella.Erp.Web),WebVella.Erp.Web/Pages/ckeditor/Index.cshtml,Razor (.cshtml),@page; model:WebVella.Erp.Web.Pages.JsAdminModel; using:System.Collections.Generic,74,2019-01-22,Razor Page view,Watch (CC~11)
Web (WebVella.Erp.Web),WebVella.Erp.Web/Pages/ckeditor/Index.cshtml.cs,C#,System.Collections.Generic; System.Linq; System.Threading.Tasks; Microsoft.AspNetCore.Mvc; Microsoft.AspNetCore.Mvc.RazorPages,167,2019-01-22,Razor Page model (code-behind / page handler),Low (CC~1)
Web (WebVella.Erp.Web),WebVella.Erp.Web/Pages/error.cshtml,Razor (.cshtml),@page; model:WebVella.Erp.Site.Pages.ErrorModel,34,2019-02-05,Razor Page view,Low (CC~4)
Web (WebVella.Erp.Web),WebVella.Erp.Web/Pages/error.cshtml.cs,C#,Microsoft.AspNetCore.Mvc; Microsoft.AspNetCore.Authorization,18,2019-10-15,Razor Page model (code-behind / page handler),Low (CC~3)
Web (WebVella.Erp.Web),WebVella.Erp.Web/Pages/login.cshtml,Razor (.cshtml),@page; model:WebVella.Erp.Web.Pages.LoginModel,27,2019-03-30,Razor Page view,Low (CC~5)
Web (WebVella.Erp.Web),WebVella.Erp.Web/Pages/login.cshtml.cs,C#,WebVella.Erp.Api.Models; WebVella.Erp.Hooks; WebVella.Erp.Web.Hooks; WebVella.Erp.Web.Models; WebVella.Erp.Web.Services; Microsoft.AspNetCore.Mvc; (+1 more),96,2025-09-21,Razor Page model (code-behind / page handler),High (CC~18)
Web (WebVella.Erp.Web),WebVella.Erp.Web/Pages/logout.cshtml,Razor (.cshtml),@page; model:WebVella.Erp.Web.Pages.LogoutModel,2,2019-01-22,Razor Page view,Low (CC~1)
Web (WebVella.Erp.Web),WebVella.Erp.Web/Pages/logout.cshtml.cs,C#,WebVella.Erp.Hooks; WebVella.Erp.Web.Hooks; WebVella.Erp.Web.Models; WebVella.Erp.Web.Services,50,2019-03-12,Razor Page model (code-behind / page handler),Watch (CC~11)
Web (WebVella.Erp.Web),WebVella.Erp.Web/Repositories/AppRepository.cs,C#,Npgsql; NpgsqlTypes; System; System.Collections.Generic; System.Data,221,2019-02-07,C# source component,High (CC~28)
Web (WebVella.Erp.Web),WebVella.Erp.Web/Repositories/BaseDBRepository.cs,C#,System.Data,79,2019-02-07,C# source component,Low (CC~7)
Web (WebVella.Erp.Web),WebVella.Erp.Web/Repositories/ErpPageRepository.cs,C#,WebVella.Erp.Web.Models; Npgsql; System; System.Collections.Generic; System.Data,151,2019-02-07,C# source component,Split (CC~38)
Web (WebVella.Erp.Web),WebVella.Erp.Web/Repositories/PageBodyNodeRepository.cs,C#,System; System.Data,119,2019-02-07,C# source component,High (CC~26)
Web (WebVella.Erp.Web),WebVella.Erp.Web/Repositories/PageDataSourceRepository.cs,C#,System; System.Data,84,2019-02-07,C# source component,Watch (CC~11)
Web (WebVella.Erp.Web),WebVella.Erp.Web/Repositories/SitemapAreaGroupRepository.cs,C#,NpgsqlTypes; System; System.Collections.Generic; System.Data,89,2019-02-07,C# source component,High (CC~17)
Web (WebVella.Erp.Web),WebVella.Erp.Web/Repositories/SitemapAreaNodeRepository.cs,C#,NpgsqlTypes; System; System.Collections.Generic; System.Data,151,2020-02-04,C# source component,Split (CC~47)
Web (WebVella.Erp.Web),WebVella.Erp.Web/Repositories/SitemapAreaRepository.cs,C#,NpgsqlTypes; System; System.Collections.Generic; System.Data,105,2019-02-07,C# source component,High (CC~24)
Web (WebVella.Erp.Web),WebVella.Erp.Web/Security/AuthCache.cs,C#,(no using directives),1,2019-01-22,Security / authentication-authorization component,Low (CC~6)
Web (WebVella.Erp.Web),WebVella.Erp.Web/Security/AuthToken.cs,C#,(no using directives),1,2019-01-22,Security / authentication-authorization component,Low (CC~5)
Web (WebVella.Erp.Web),WebVella.Erp.Web/Security/AuthorizeAttribute.cs,C#,(no using directives),1,2019-01-22,Security / authentication-authorization component,High (CC~17)
Web (WebVella.Erp.Web),WebVella.Erp.Web/Security/ErpIdentity.cs,C#,(no using directives),1,2019-01-22,Security / authentication-authorization component,Low (CC~3)
Web (WebVella.Erp.Web),WebVella.Erp.Web/Security/ErpPrincipal.cs,C#,(no using directives),1,2019-01-22,Security / authentication-authorization component,Low (CC~1)
Web (WebVella.Erp.Web),WebVella.Erp.Web/Security/HttpForbiddenResult.cs,C#,(no using directives),1,2019-01-22,Security / authentication-authorization component,Low (CC~1)
Web (WebVella.Erp.Web),WebVella.Erp.Web/Security/HttpUnauthorizedResult.cs,C#,(no using directives),1,2019-01-22,Security / authentication-authorization component,Low (CC~1)
Web (WebVella.Erp.Web),WebVella.Erp.Web/Security/WebSecurityUtil.cs,C#,(no using directives),1,2019-01-22,Security / authentication-authorization component,Split (CC~38)
Web (WebVella.Erp.Web),WebVella.Erp.Web/Services/AppSearchService.cs,C#,System.Collections.Generic; System.Text,9,2019-01-22,Service class (business logic / orchestration),Low (CC~1)
Web (WebVella.Erp.Web),WebVella.Erp.Web/Services/AppService.cs,C#,WebVella.Erp.Api.Models.AutoMapper; WebVella.Erp.Exceptions; WebVella.Erp.Web.Models; WebVella.Erp.Web.Repositories; Newtonsoft.Json.Linq; Npgsql; (+4 more),332,2022-01-27,Service class (business logic / orchestration),Split (CC~64)
Web (WebVella.Erp.Web),WebVella.Erp.Web/Services/AuthService.cs,C#,WebVella.Erp.Api; WebVella.Erp.Api.Models; Microsoft.AspNetCore.Authentication.Cookies; Microsoft.AspNetCore.Http; System; System.Collections.Generic; (+6 more),142,2022-11-10,Service class (business logic / orchestration),High (CC~17)
Web (WebVella.Erp.Web),WebVella.Erp.Web/Services/BaseService.cs,C#,WebVella.Erp.Database,21,2020-11-10,Service class (business logic / orchestration),Low (CC~1)
Web (WebVella.Erp.Web),WebVella.Erp.Web/Services/CodeEvalService.cs,C#,WebVella.Erp.Web.Models; System; System.Collections.Generic; System.Security.Cryptography; System.Text,40,2024-06-05,Service class (business logic / orchestration),Low (CC~5)
Web (WebVella.Erp.Web),WebVella.Erp.Web/Services/FileService.cs,C#,System.IO; System.Linq; System.Reflection,86,2021-03-17,Service class (business logic / orchestration),Watch (CC~11)
Web (WebVella.Erp.Web),WebVella.Erp.Web/Services/LogService.cs,C#,WebVella.Erp.Diagnostics; System,44,2019-01-22,Service class (business logic / orchestration),Low (CC~10)
Web (WebVella.Erp.Web),WebVella.Erp.Web/Services/MailService.cs,C#,WebVella.Erp.Diagnostics; System.Collections.Generic; System.Net; System.Net.Mail; System.Text,105,2019-01-22,Service class (business logic / orchestration),Low (CC~7)
Web (WebVella.Erp.Web),WebVella.Erp.Web/Services/MetaService.cs,C#,WebVella.Erp.Api; WebVella.Erp.Api.Models; System.Collections.Generic; System.Linq; System.Text,21,2019-01-25,Service class (business logic / orchestration),Low (CC~2)
Web (WebVella.Erp.Web),WebVella.Erp.Web/Services/PageComponentLibraryService.cs,C#,WebVella.Erp.Web.Models; System.Collections.Generic; System.Linq,59,2019-01-22,Service class (business logic / orchestration),Low (CC~8)
Web (WebVella.Erp.Web),WebVella.Erp.Web/Services/PageService.cs,C#,WebVella.Erp.Api; WebVella.Erp.Api.Models; WebVella.Erp.Api.Models.AutoMapper; WebVella.Erp.Exceptions; WebVella.Erp.Web.Models; WebVella.Erp.Web.Repositories; (+13 more),1408,2022-01-27,Service class (business logic / orchestration),Split (CC~483)
Web (WebVella.Erp.Web),WebVella.Erp.Web/Services/RenderService.cs,C#,WebVella.Erp.Api; WebVella.Erp.Api.Models; WebVella.Erp.Web.Models; WebVella.Erp.Web.Utils; HtmlAgilityPack; Newtonsoft.Json; (+8 more),455,2020-02-06,Service class (business logic / orchestration),Split (CC~196)
Web (WebVella.Erp.Web),WebVella.Erp.Web/Services/SnippetService.cs,C#,WebVella.Erp.Web.Models; System.Collections.Generic; System.Linq,39,2021-03-19,Service class (business logic / orchestration),Low (CC~7)
Web (WebVella.Erp.Web),WebVella.Erp.Web/Services/ThemeService.cs,C#,WebVella.Erp.Web.Models; System.Collections.Generic; System.IO; System.Linq; System.Reflection,56,2019-01-22,Service class (business logic / orchestration),Watch (CC~13)
Web (WebVella.Erp.Web),WebVella.Erp.Web/Services/UserFileService.cs,C#,WebVella.Erp.Api.Models; WebVella.Erp.Api.Models.AutoMapper; WebVella.Erp.Database; WebVella.Erp.Utilities; System.Collections.Generic; System.IO; (+1 more),105,2022-01-27,Service class (business logic / orchestration),High (CC~28)
Web (WebVella.Erp.Web),WebVella.Erp.Web/Services/UserPreferencies.cs,C#,WebVella.Erp.Api; WebVella.Erp.Api.Models; Newtonsoft.Json.Linq; System; System.Collections.Generic; System.Linq; (+1 more),97,2019-03-13,Service class (business logic / orchestration),Watch (CC~12)
Web (WebVella.Erp.Web),WebVella.Erp.Web/Services/UserService.cs,C#,WebVella.Erp.Api.Models; WebVella.Erp.Api.Models.AutoMapper; WebVella.Erp.Database; WebVella.Erp.Eql; WebVella.Erp.Utilities; System.Collections.Generic; (+2 more),33,2019-01-31,Service class (business logic / orchestration),Low (CC~2)
Web (WebVella.Erp.Web),WebVella.Erp.Web/Services/WebSettingsService.cs,C#,(no using directives),12,2019-01-22,Service class (business logic / orchestration),Low (CC~1)
Web (WebVella.Erp.Web),WebVella.Erp.Web/Snippets/EmptySampleClassSnippet.cs,C#,WebVella.Erp.Web.Models; System.Collections.Generic; System.Text,20,2019-12-06,C# source component,Low (CC~3)
Web (WebVella.Erp.Web),WebVella.Erp.Web/TagHelpers/Extensions.cs,C#,System; System.Collections.Generic; System.Text,42,2019-01-22,ERP tag-helper implementation,Watch (CC~11)
Web (WebVella.Erp.Web),WebVella.Erp.Web/TagHelpers/WvAuthorize/WvAuthorize.cs,C#,WebVella.Erp.Api; System; System.Linq; System.Threading.Tasks,89,2019-01-22,ERP tag-helper implementation,High (CC~17)
Web (WebVella.Erp.Web),WebVella.Erp.Web/TagHelpers/WvDrawer/WvDrawer.cs,C#,WebVella.Erp.Api; WebVella.Erp.Utilities; WebVella.Erp.Web.Models; WebVella.Erp.Web.Services; WebVella.TagHelpers.Models; Newtonsoft.Json; (+5 more),130,2025-01-14,ERP tag-helper implementation,Watch (CC~12)
Web (WebVella.Erp.Web),WebVella.Erp.Web/TagHelpers/WvDrawer/drawer.js,JavaScript,jQuery; WebVella,80,2019-04-19,Tag-helper / component client-side script,High (CC~17)
Web (WebVella.Erp.Web),WebVella.Erp.Web/TagHelpers/WvFieldDatasource/WvFieldDatasource.cs,C#,WebVella.Erp.Web.Models; WebVella.Erp.Web.Services; WebVella.Erp.Web.Utils; WebVella.TagHelpers.Models; WebVella.TagHelpers.TagHelpers; WebVella.Erp.Api.Models; (+5 more),718,2025-09-13,ERP tag-helper implementation,Split (CC~75)
Web (WebVella.Erp.Web),WebVella.Erp.Web/TagHelpers/WvFieldDatasource/form.js,JavaScript,jQuery; WebVella,407,2019-12-10,Tag-helper / component client-side script,Split (CC~36)
Web (WebVella.Erp.Web),WebVella.Erp.Web/TagHelpers/WvFieldUserFileMultiple/WvFieldUserFileMultiple.cs,C#,WebVella.Erp.Api; WebVella.Erp.Api.Models; WebVella.Erp.Web.Models; WebVella.Erp.Web.Services; WebVella.TagHelpers.Models; WebVella.TagHelpers.TagHelpers; (+7 more),226,2025-01-14,ERP tag-helper implementation,Split (CC~50)
Web (WebVella.Erp.Web),WebVella.Erp.Web/TagHelpers/WvFieldUserFileMultiple/form.js,JavaScript,jQuery,164,2019-03-21,Tag-helper / component client-side script,High (CC~25)
Web (WebVella.Erp.Web),WebVella.Erp.Web/TagHelpers/WvFieldUserFileMultiple/inline-edit.js,JavaScript,jQuery,217,2019-02-28,Tag-helper / component client-side script,High (CC~19)
Web (WebVella.Erp.Web),WebVella.Erp.Web/TagHelpers/WvFilterAutonumber/WvFilterAutonumber.cs,C#,Microsoft.AspNetCore.Razor.TagHelpers; System.Threading.Tasks,33,2019-02-14,ERP tag-helper implementation,Low (CC~3)
Web (WebVella.Erp.Web),WebVella.Erp.Web/TagHelpers/WvFilterBase/WvFilterBase.cs,C#,WebVella.Erp.Api.Models; WebVella.Erp.Web.Models; WebVella.Erp.Web.Services; WebVella.Erp.Web.Utils; WebVella.TagHelpers.Models; Microsoft.AspNetCore.Mvc.ViewFeatures; (+4 more),347,2025-01-14,ERP tag-helper implementation,Split (CC~58)
Web (WebVella.Erp.Web),WebVella.Erp.Web/TagHelpers/WvFilterBase/base.js,JavaScript,jQuery,86,2019-01-22,Tag-helper / component client-side script,High (CC~16)
Web (WebVella.Erp.Web),WebVella.Erp.Web/TagHelpers/WvFilterCheckbox/WvFilterCheckbox.cs,C#,Microsoft.AspNetCore.Razor.TagHelpers; System.Threading.Tasks,59,2019-02-14,ERP tag-helper implementation,Low (CC~8)
Web (WebVella.Erp.Web),WebVella.Erp.Web/TagHelpers/WvFilterCurrency/WvFilterCurrency.cs,C#,Microsoft.AspNetCore.Razor.TagHelpers; System.Threading.Tasks,28,2019-02-14,ERP tag-helper implementation,Low (CC~2)
Web (WebVella.Erp.Web),WebVella.Erp.Web/TagHelpers/WvFilterDate/WvFilterDate.cs,C#,WebVella.Erp.Web.Models; WebVella.Erp.Web.Services; Microsoft.AspNetCore.Razor.TagHelpers; System.Threading.Tasks,64,2025-01-14,ERP tag-helper implementation,Low (CC~9)
Web (WebVella.Erp.Web),WebVella.Erp.Web/TagHelpers/WvFilterDateTime/WvFilterDateTime.cs,C#,WebVella.Erp.Web.Models; WebVella.Erp.Web.Services; Microsoft.AspNetCore.Razor.TagHelpers; System.Threading.Tasks,64,2025-01-14,ERP tag-helper implementation,Low (CC~9)
Web (WebVella.Erp.Web),WebVella.Erp.Web/TagHelpers/WvFilterEmail/WvFilterEmail.cs,C#,Microsoft.AspNetCore.Razor.TagHelpers; System.Threading.Tasks,31,2019-02-14,ERP tag-helper implementation,Low (CC~3)
Web (WebVella.Erp.Web),WebVella.Erp.Web/TagHelpers/WvFilterFile/WvFilterFile.cs,C#,Microsoft.AspNetCore.Razor.TagHelpers; System.Threading.Tasks,31,2019-02-14,ERP tag-helper implementation,Low (CC~3)
Web (WebVella.Erp.Web),WebVella.Erp.Web/TagHelpers/WvFilterGuid/WvFilterGuid.cs,C#,Microsoft.AspNetCore.Razor.TagHelpers; System.Threading.Tasks,31,2019-02-14,ERP tag-helper implementation,Low (CC~3)
Web (WebVella.Erp.Web),WebVella.Erp.Web/TagHelpers/WvFilterHtml/WvFilterHtml.cs,C#,Microsoft.AspNetCore.Razor.TagHelpers; System.Threading.Tasks,31,2019-02-14,ERP tag-helper implementation,Low (CC~3)
Web (WebVella.Erp.Web),WebVella.Erp.Web/TagHelpers/WvFilterImage/WvFilterImage.cs,C#,Microsoft.AspNetCore.Razor.TagHelpers; System.Threading.Tasks,31,2019-02-14,ERP tag-helper implementation,Low (CC~3)
Web (WebVella.Erp.Web),WebVella.Erp.Web/TagHelpers/WvFilterMultiSelect/WvFilterMultiSelect.cs,C#,Microsoft.AspNetCore.Razor.TagHelpers; System.Threading.Tasks,31,2019-02-14,ERP tag-helper implementation,Low (CC~3)
Web (WebVella.Erp.Web),WebVella.Erp.Web/TagHelpers/WvFilterNumber/WvFilterNumber.cs,C#,Microsoft.AspNetCore.Razor.TagHelpers; System.Threading.Tasks,33,2019-02-14,ERP tag-helper implementation,Low (CC~3)
Web (WebVella.Erp.Web),WebVella.Erp.Web/TagHelpers/WvFilterPercent/WvFilterPercent.cs,C#,WebVella.Erp.Web.Models; WebVella.Erp.Web.Services; WebVella.TagHelpers.Models; Microsoft.AspNetCore.Razor.TagHelpers; System.Threading.Tasks,120,2025-01-14,ERP tag-helper implementation,High (CC~16)
Web (WebVella.Erp.Web),WebVella.Erp.Web/TagHelpers/WvFilterPercent/percent.js,JavaScript,jQuery,32,2019-01-22,Tag-helper / component client-side script,Low (CC~4)
Web (WebVella.Erp.Web),WebVella.Erp.Web/TagHelpers/WvFilterPhone/WvFilterPhone.cs,C#,Microsoft.AspNetCore.Razor.TagHelpers; System.Threading.Tasks,31,2019-02-14,ERP tag-helper implementation,Low (CC~3)
Web (WebVella.Erp.Web),WebVella.Erp.Web/TagHelpers/WvFilterSelect/WvFilterSelect.cs,C#,WebVella.Erp.Api.Models; WebVella.Erp.Web.Models; Microsoft.AspNetCore.Razor.TagHelpers; System.Collections.Generic; System.Threading.Tasks,61,2019-02-14,ERP tag-helper implementation,Low (CC~8)
Web (WebVella.Erp.Web),WebVella.Erp.Web/TagHelpers/WvFilterText/WvFilterText.cs,C#,Microsoft.AspNetCore.Razor.TagHelpers; System.Threading.Tasks,31,2019-02-14,ERP tag-helper implementation,Low (CC~3)
Web (WebVella.Erp.Web),WebVella.Erp.Web/TagHelpers/WvFilterTextarea/WvFilterTextarea.cs,C#,Microsoft.AspNetCore.Razor.TagHelpers; System.Threading.Tasks,31,2019-02-14,ERP tag-helper implementation,Low (CC~3)
Web (WebVella.Erp.Web),WebVella.Erp.Web/TagHelpers/WvFilterUrl/WvFilterUrl.cs,C#,Microsoft.AspNetCore.Razor.TagHelpers; System.Threading.Tasks,31,2019-02-14,ERP tag-helper implementation,Low (CC~3)
Web (WebVella.Erp.Web),WebVella.Erp.Web/TagHelpers/WvPageHeader/WvPageHeader.cs,C#,WebVella.Erp.Web.Models; WebVella.Erp.Web.Services; WebVella.Erp.Web.Utils; WebVella.Erp.Api.Models; WebVella.TagHelpers.Models; Newtonsoft.Json; (+8 more),305,2025-01-14,ERP tag-helper implementation,Split (CC~34)
Web (WebVella.Erp.Web),WebVella.Erp.Web/TagHelpers/WvPageHeader/script.js,JavaScript,jQuery; WebVella,20,2019-04-06,Tag-helper / component client-side script,Low (CC~7)
Web (WebVella.Erp.Web),WebVella.Erp.Web/TagHelpers/WvPageHeaderActions/WvPageHeaderActions.cs,C#,WebVella.Erp.Web.Models; WebVella.Erp.Web.Services; WebVella.Erp.Web.Utils; WebVella.Erp.Api.Models; Newtonsoft.Json; Microsoft.AspNetCore.Mvc.ViewFeatures; (+6 more),25,2025-01-14,ERP tag-helper implementation,Low (CC~1)
Web (WebVella.Erp.Web),WebVella.Erp.Web/TagHelpers/WvPageHeaderActionsAux/WvPageHeaderActionsAux.cs,C#,WebVella.Erp.Web.Models; WebVella.Erp.Web.Services; WebVella.Erp.Web.Utils; WebVella.Erp.Api.Models; Newtonsoft.Json; Microsoft.AspNetCore.Mvc.ViewFeatures; (+6 more),25,2025-01-14,ERP tag-helper implementation,Low (CC~1)
Web (WebVella.Erp.Web),WebVella.Erp.Web/TagHelpers/WvPageHeaderToolbar/WvPageHeaderToolbar.cs,C#,WebVella.Erp.Web.Models; WebVella.Erp.Web.Services; WebVella.Erp.Web.Utils; WebVella.Erp.Api.Models; Newtonsoft.Json; Microsoft.AspNetCore.Mvc.ViewFeatures; (+6 more),24,2025-01-14,ERP tag-helper implementation,Low (CC~1)
Web (WebVella.Erp.Web),WebVella.Erp.Web/TagHelpers/js-test/script.js,JavaScript,jQuery,47,2019-04-04,Tag-helper / component client-side script,Low (CC~8)
Web (WebVella.Erp.Web),WebVella.Erp.Web/Utils/Cache.cs,C#,System.Collections.Generic; System.Text; Microsoft.Extensions.Caching.Memory,45,2019-01-22,Utility / helper component,Low (CC~6)
Web (WebVella.Erp.Web),WebVella.Erp.Web/Utils/DataUtils.cs,C#,WebVella.Erp.Api.Models; WebVella.Erp.Web.Models; System; System.Collections.Generic; System.Linq; System.Text; (+1 more),273,2019-02-28,Utility / helper component,Split (CC~67)
Web (WebVella.Erp.Web),WebVella.Erp.Web/Utils/HtmlHelperExtension.cs,C#,Microsoft.AspNetCore.Mvc.Rendering,12,2019-12-02,Utility / helper component,Low (CC~1)
Web (WebVella.Erp.Web),WebVella.Erp.Web/Utils/ModelExtensions.cs,C#,WebVella.Erp.Api.Models; WebVella.Erp.Exceptions; WebVella.Erp.Web.Models; WebVella.TagHelpers.Models; System.Collections.Generic; System.ComponentModel; (+2 more),109,2020-02-14,Utility / helper component,High (CC~16)
Web (WebVella.Erp.Web),WebVella.Erp.Web/Utils/PageUtils.cs,C#,WebVella.Erp.Api; WebVella.Erp.Api.Models; WebVella.Erp.Web.Models; WebVella.Erp.Web.Services; Newtonsoft.Json; Newtonsoft.Json.Linq; (+5 more),1900,2020-08-24,Utility / helper component,Split (CC~190)
Web (WebVella.Erp.Web),WebVella.Erp.Web/Utils/ReflectionExtensions.cs,C#,WebVella.Erp.Api.Models; WebVella.Erp.Web.Models; Microsoft.AspNetCore.Mvc.ViewFeatures; System; System.Collections.Generic; System.Dynamic; (+2 more),94,2019-01-22,Utility / helper component,Watch (CC~13)
Web (WebVella.Erp.Web),WebVella.Erp.Web/Utils/TempDataExtensions.cs,C#,Newtonsoft.Json,23,2019-01-22,Utility / helper component,Low (CC~3)
Web (WebVella.Erp.Web),WebVella.Erp.Web/WVPageModel.cs,C#,Microsoft.AspNetCore.Mvc.RazorPages,12,2019-01-22,C# source component,Low (CC~1)
Web (WebVella.Erp.Web),WebVella.Erp.Web/WebConfigurationOptions.cs,C#,Microsoft.AspNetCore.Hosting; Microsoft.AspNetCore.StaticFiles; Microsoft.Extensions.FileProviders; Microsoft.Extensions.Options; System,26,2019-10-09,C# source component,Low (CC~5)
Web (WebVella.Erp.Web),WebVella.Erp.Web/WebVella.Erp.Web.csproj,MSBuild/XML (.csproj),-> ..\WebVella.Erp\WebVella.Erp; fwk:Microsoft.AspNetCore.App; Microsoft.CodeAnalysis.CSharp.Scripting 4.14.0; Microsoft.CodeAnalysis.Common 4.14.0; Microsoft.CodeAnalysis.CSharp 4.14.0; Microsoft.CodeAnalysis.CSharp.Workspaces 4.14.0; CS-Script 4.11.2; HtmlAgilityPack 1.12.4; Microsoft.AspNetCore.Mvc.NewtonsoftJson 9.0.10; Microsoft.AspNetCore.Mvc.Razor.RuntimeCompilation 9.0.10; Newtonsoft.Json 13.0.4; Wangkanai.Detection 8.20.0; WebVella.TagHelpers 1.7.2; Microsoft.Extensions.FileProviders.Embedded 9.0.10; System.IdentityModel.Tokens.Jwt 8.14.0,190,2026-01-20,"MSBuild project file (Sdk.Razor, net9.0) for Web (WebVella.Erp.Web)",Low (CC~1)
Web (WebVella.Erp.Web),WebVella.Erp.Web/wwwroot/js/base.js,JavaScript,jQuery,26,2019-12-31,Tag-helper / component client-side script,Split (CC~67)
Web (WebVella.Erp.Web),WebVella.Erp.Web/wwwroot/js/site.js,JavaScript,jQuery; moment,460,2019-12-31,Client-side JavaScript asset (wwwroot),Split (CC~189)
Web (WebVella.Erp.Web),WebVella.Erp.Web/wwwroot/js/wv-lazyload/index.esm.js,JavaScript,(generated Stencil bundle),0,2019-12-31,Stencil-compiled web component bundle (generated/embedded asset),Low (CC~1)
Web (WebVella.Erp.Web),WebVella.Erp.Web/wwwroot/js/wv-lazyload/p-1635c1a0.js,JavaScript,(generated Stencil bundle),1,2019-12-31,Stencil-compiled web component bundle (generated/embedded asset),High (CC~25)
Web (WebVella.Erp.Web),WebVella.Erp.Web/wwwroot/js/wv-lazyload/p-50ea2036.system.js,JavaScript,(generated Stencil bundle),1,2019-12-31,Stencil-compiled web component bundle (generated/embedded asset),Low (CC~1)
Web (WebVella.Erp.Web),WebVella.Erp.Web/wwwroot/js/wv-lazyload/p-5b416380.system.js,JavaScript,(generated Stencil bundle),7,2019-12-31,Stencil-compiled web component bundle (generated/embedded asset),Split (CC~263)
Web (WebVella.Erp.Web),WebVella.Erp.Web/wwwroot/js/wv-lazyload/p-7e344a40.js,JavaScript,(generated Stencil bundle),1,2019-12-31,Stencil-compiled web component bundle (generated/embedded asset),Split (CC~156)
Web (WebVella.Erp.Web),WebVella.Erp.Web/wwwroot/js/wv-lazyload/p-7edf8b60.system.js,JavaScript,(generated Stencil bundle),1,2019-12-31,Stencil-compiled web component bundle (generated/embedded asset),Split (CC~224)
Web (WebVella.Erp.Web),WebVella.Erp.Web/wwwroot/js/wv-lazyload/p-9b741424.system.js,JavaScript,(generated Stencil bundle),1,2019-12-31,Stencil-compiled web component bundle (generated/embedded asset),Split (CC~33)
Web (WebVella.Erp.Web),WebVella.Erp.Web/wwwroot/js/wv-lazyload/p-c95bcb30.system.js,JavaScript,(generated Stencil bundle),1,2019-12-31,Stencil-compiled web component bundle (generated/embedded asset),Low (CC~1)
Web (WebVella.Erp.Web),WebVella.Erp.Web/wwwroot/js/wv-lazyload/p-d0882b30.js,JavaScript,(generated Stencil bundle),5,2019-12-31,Stencil-compiled web component bundle (generated/embedded asset),Split (CC~263)
Web (WebVella.Erp.Web),WebVella.Erp.Web/wwwroot/js/wv-lazyload/p-gxpdhutk.system.entry.js,JavaScript,(generated Stencil bundle),2,2019-12-31,Stencil-compiled web component bundle (generated/embedded asset),Split (CC~168)
Web (WebVella.Erp.Web),WebVella.Erp.Web/wwwroot/js/wv-lazyload/p-uxfmis6g.entry.js,JavaScript,(generated Stencil bundle),2,2019-12-31,Stencil-compiled web component bundle (generated/embedded asset),Split (CC~166)
Web (WebVella.Erp.Web),WebVella.Erp.Web/wwwroot/js/wv-lazyload/wv-lazyload.esm.js,JavaScript,(generated Stencil bundle),1,2019-12-31,Stencil-compiled web component bundle (generated/embedded asset),Low (CC~1)
Web (WebVella.Erp.Web),WebVella.Erp.Web/wwwroot/js/wv-lazyload/wv-lazyload.js,JavaScript,(generated Stencil bundle),368,2019-12-31,Stencil-compiled web component bundle (generated/embedded asset),Split (CC~470)
Web (WebVella.Erp.Web),WebVella.Erp.Web/wwwroot/lib/js-cookie/js.cookie.min.js,JavaScript,(vendored library),1,2019-12-31,Vendored third-party JavaScript library (wwwroot/lib),High (CC~21)
WebAssembly,WebVella.Erp.WebAssembly/Client/ApiService/ApiService.Auth.cs,C#,(no using directives),23,2023-11-22,Blazor WASM client-side component,Low (CC~1)
WebAssembly,WebVella.Erp.WebAssembly/Client/ApiService/ApiService.Project.cs,C#,(no using directives),14,2023-11-23,Blazor WASM client-side component,Low (CC~1)
WebAssembly,WebVella.Erp.WebAssembly/Client/ApiService/ApiService.System.cs,C#,(no using directives),25,2023-11-22,Blazor WASM client-side component,Low (CC~3)
WebAssembly,WebVella.Erp.WebAssembly/Client/ApiService/ApiService.cs,C#,(no using directives),29,2023-11-22,Blazor WASM client-side component,Low (CC~1)
WebAssembly,WebVella.Erp.WebAssembly/Client/App.razor,Blazor (.razor),(Blazor markup),12,2023-11-01,Blazor application root component,Low (CC~1)
WebAssembly,WebVella.Erp.WebAssembly/Client/Components/Base/AppState.razor,Blazor (.razor),inherits:ComponentBase,16,2023-11-22,Blazor UI component,Low (CC~4)
WebAssembly,WebVella.Erp.WebAssembly/Client/Components/Base/AppState.razor.cs,C#,System.Text.RegularExpressions,71,2023-11-22,Page-builder component implementation,Low (CC~4)
WebAssembly,WebVella.Erp.WebAssembly/Client/Components/Base/ComponentState.cs,C#,(no using directives),9,2023-11-22,Page-builder component implementation,Low (CC~1)
WebAssembly,WebVella.Erp.WebAssembly/Client/Components/Base/WvBaseComponent.cs,C#,Microsoft.JSInterop; System.Globalization,55,2023-11-22,Page-builder component implementation,Low (CC~3)
WebAssembly,WebVella.Erp.WebAssembly/Client/Components/Base/WvContainer.razor,Blazor (.razor),(Blazor markup),43,2023-11-22,Blazor UI component,Low (CC~7)
WebAssembly,WebVella.Erp.WebAssembly/Client/Components/Base/WvContainer.razor.cs,C#,(no using directives),10,2023-11-22,Page-builder component implementation,Low (CC~1)
WebAssembly,WebVella.Erp.WebAssembly/Client/Components/Base/WvContainerStates.razor,Blazor (.razor),(Blazor markup),2,2023-11-22,Blazor UI component,Low (CC~1)
WebAssembly,WebVella.Erp.WebAssembly/Client/Components/Base/WvContainerStates.razor.cs,C#,(no using directives),21,2023-11-22,Page-builder component implementation,Low (CC~1)
WebAssembly,WebVella.Erp.WebAssembly/Client/Components/General/WvLogin.razor,Blazor (.razor),inherits:WvBaseComponent,13,2023-11-22,Blazor UI component,Low (CC~3)
WebAssembly,WebVella.Erp.WebAssembly/Client/Components/General/WvLogin.razor.cs,C#,(no using directives),46,2023-11-23,Page-builder component implementation,Low (CC~7)
WebAssembly,WebVella.Erp.WebAssembly/Client/Exceptions/ApiConnectionException.cs,C#,(no using directives),7,2023-11-01,Exception type definition,Low (CC~1)
WebAssembly,WebVella.Erp.WebAssembly/Client/Exceptions/ApiException.cs,C#,(no using directives),9,2023-11-01,Exception type definition,Low (CC~1)
WebAssembly,WebVella.Erp.WebAssembly/Client/Exceptions/ApiTokenException.cs,C#,(no using directives),7,2023-11-01,Exception type definition,Low (CC~1)
WebAssembly,WebVella.Erp.WebAssembly/Client/Exceptions/BaseException.cs,C#,(no using directives),62,2023-11-01,Exception type definition,Watch (CC~11)
WebAssembly,WebVella.Erp.WebAssembly/Client/Exceptions/ValidationException.cs,C#,(no using directives),9,2023-11-01,Exception type definition,Low (CC~1)
WebAssembly,WebVella.Erp.WebAssembly/Client/MainLayout.razor,Blazor (.razor),inherits:LayoutComponentBase,4,2023-11-01,Blazor main layout component,Low (CC~1)
WebAssembly,WebVella.Erp.WebAssembly/Client/Models/ApiErrorModel.cs,C#,(no using directives),13,2023-11-01,Model / DTO / data structure,Low (CC~1)
WebAssembly,WebVella.Erp.WebAssembly/Client/Models/AuthResponse.cs,C#,(no using directives),5,2023-11-01,Model / DTO / data structure,Low (CC~1)
WebAssembly,WebVella.Erp.WebAssembly/Client/Models/JwtToken.cs,C#,(no using directives),5,2023-11-01,Model / DTO / data structure,Low (CC~1)
WebAssembly,WebVella.Erp.WebAssembly/Client/Models/LoginModel.cs,C#,(no using directives),6,2023-11-01,Model / DTO / data structure,Low (CC~1)
WebAssembly,WebVella.Erp.WebAssembly/Client/Models/WvUser.cs,C#,(no using directives),9,2023-11-23,Model / DTO / data structure,Low (CC~1)
WebAssembly,WebVella.Erp.WebAssembly/Client/Pages/Index.razor,Blazor (.razor),@page /,14,2023-11-23,Blazor routable page component,Low (CC~3)
WebAssembly,WebVella.Erp.WebAssembly/Client/Pages/Index.razor.cs,C#,WebVella.Erp.WebAssembly.ApiService,28,2023-11-23,Razor Page model / page-related class,Low (CC~2)
WebAssembly,WebVella.Erp.WebAssembly/Client/Pages/LoginPage.razor,Blazor (.razor),@page /login,2,2023-11-22,Blazor routable page component,Low (CC~1)
WebAssembly,WebVella.Erp.WebAssembly/Client/Pages/LoginPage.razor.cs,C#,WebVella.Erp.WebAssembly.ApiService,6,2023-11-22,Razor Page model / page-related class,Low (CC~1)
WebAssembly,WebVella.Erp.WebAssembly/Client/Program.cs,C#,WebVella.Erp.WebAssembly; WebVella.Erp.WebAssembly.ApiService; Blazored.LocalStorage; Microsoft.AspNetCore.Components.Web; Microsoft.AspNetCore.Components.WebAssembly.Hosting,22,2023-11-22,Application entry point / host bootstrap,Low (CC~1)
WebAssembly,WebVella.Erp.WebAssembly/Client/Services/AuthenticationService.cs,C#,Microsoft.AspNetCore.Components,51,2023-11-01,Service class (business logic / orchestration),Low (CC~3)
WebAssembly,WebVella.Erp.WebAssembly/Client/Services/ConfigurationService.cs,C#,(no using directives),18,2023-11-01,Service class (business logic / orchestration),Low (CC~1)
WebAssembly,WebVella.Erp.WebAssembly/Client/Services/CustomAuthenticationProvider.cs,C#,System.IdentityModel.Tokens.Jwt; System.Security.Claims,28,2023-11-01,Service class (business logic / orchestration),Low (CC~2)
WebAssembly,WebVella.Erp.WebAssembly/Client/Services/TokenManagerService.cs,C#,Blazored.LocalStorage; System.IdentityModel.Tokens.Jwt,84,2023-11-01,Service class (business logic / orchestration),High (CC~16)
WebAssembly,WebVella.Erp.WebAssembly/Client/Utilities/DateOnlyUtils.cs,C#,System.Globalization,41,2023-11-22,Blazor WASM client-side component,Watch (CC~13)
WebAssembly,WebVella.Erp.WebAssembly/Client/Utilities/DateTimeUtils.cs,C#,System.Globalization,26,2023-11-22,Blazor WASM client-side component,Low (CC~8)
WebAssembly,WebVella.Erp.WebAssembly/Client/Utilities/HttpExt.cs,C#,System.Text.Json,181,2023-11-01,Blazor WASM client-side component,Split (CC~42)
WebAssembly,WebVella.Erp.WebAssembly/Client/Utilities/NavigatorExt.cs,C#,Microsoft.Extensions.Primitives; System.Collections,280,2023-11-22,Blazor WASM client-side component,Split (CC~72)
WebAssembly,WebVella.Erp.WebAssembly/Client/WasmConstants.cs,C#,(no using directives),14,2023-11-22,Blazor WASM client-side component,Low (CC~1)
WebAssembly,WebVella.Erp.WebAssembly/Client/WebVella.Erp.WebAssembly.csproj,MSBuild/XML (.csproj),Microsoft.AspNetCore.Components.WebAssembly 9.0.10; Microsoft.AspNetCore.Components.WebAssembly.DevServer 9.0.10; Microsoft.Extensions.Http 9.0.10; Microsoft.AspNetCore.Components.WebAssembly.Authentication 9.0.10; Blazored.LocalStorage 4.5.0; System.IdentityModel.Tokens.Jwt 8.14.0,20,2025-10-21,"MSBuild project file (Sdk.BlazorWebAssembly, net9.0) for WebAssembly",Low (CC~1)
WebAssembly,WebVella.Erp.WebAssembly/Client/_GlobalUsings.cs,C#,(no using directives),22,2023-11-22,Blazor WASM client-side component,Low (CC~1)
WebAssembly,WebVella.Erp.WebAssembly/Client/_Imports.razor,Blazor (.razor),using:System.Net.Http; using:System.Net.Http.Json; using:Microsoft.AspNetCore.Components.Routing; using:Microsoft.AspNetCore.Components.Web,8,2023-11-22,Blazor global using/import directives,Low (CC~1)
WebAssembly,WebVella.Erp.WebAssembly/Client/_global.cs,C#,(no using directives),6,2023-11-01,Blazor WASM client-side component,Low (CC~1)
WebAssembly,WebVella.Erp.WebAssembly/Client/wwwroot/appsettings.json,JSON,serverUrl,3,2023-11-01,ASP.NET Core appsettings configuration for WebAssembly,Low (CC~1)
WebAssembly,WebVella.Erp.WebAssembly/Server/Program.cs,C#,Microsoft.AspNetCore.ResponseCompression,21,2023-11-01,Application entry point / host bootstrap,Low (CC~3)
WebAssembly,WebVella.Erp.WebAssembly/Server/WebVella.Erp.WebAssembly.Server.csproj,MSBuild/XML (.csproj),-> ..\Client\WebVella.Erp.WebAssembly.Client; -> ..\Shared\WebVella.Erp.WebAssembly.Shared; Microsoft.AspNetCore.Components.WebAssembly.Server 7.0.13,14,2023-11-01,"MSBuild project file (Sdk.Web, net7.0) for WebAssembly",Low (CC~1)
WebAssembly,WebVella.Erp.WebAssembly/Server/appsettings.Development.json,JSON,Logging,8,2023-11-01,ASP.NET Core appsettings configuration for WebAssembly,Low (CC~1)
WebAssembly,WebVella.Erp.WebAssembly/Server/appsettings.json,JSON,Logging; AllowedHosts,9,2023-11-01,ASP.NET Core appsettings configuration for WebAssembly,Low (CC~1)
WebAssembly,WebVella.Erp.WebAssembly/Shared/SharedClass.cs,C#,(no using directives),0,2023-11-01,Blazor WASM shared model / contract,Low (CC~1)
WebAssembly,WebVella.Erp.WebAssembly/Shared/WebVella.Erp.WebAssembly.Shared.csproj,MSBuild/XML (.csproj),(SDK project; no explicit refs),10,2023-11-01,"MSBuild project file (Sdk, net7.0) for WebAssembly",Low (CC~1)
Core (WebVella.Erp),WebVella.Erp/Api/Cache.cs,C#,WebVella.Erp.Api.Models; WebVella.Erp.Utilities; Newtonsoft.Json; System; System.Collections.Generic; System.IO; (+1 more),111,2019-11-19,API / domain manager component,Low (CC~3)
Core (WebVella.Erp),WebVella.Erp/Api/DataSourceManager.cs,C#,WebVella.Erp.Api.Models; WebVella.Erp.Database; WebVella.Erp.Api.Models.AutoMapper; WebVella.Erp.Eql; WebVella.Erp.Exceptions; Newtonsoft.Json; (+4 more),438,2024-06-11,API / domain manager component,Split (CC~98)
Core (WebVella.Erp),WebVella.Erp/Api/Definitions.cs,C#,System,91,2019-01-22,API / domain manager component,Low (CC~1)
Core (WebVella.Erp),WebVella.Erp/Api/EntityManager.cs,C#,WebVella.Erp.Api.Models; WebVella.Erp.Api.Models.AutoMapper; WebVella.Erp.Database; WebVella.Erp.Exceptions; WebVella.Erp.Utilities; WebVella.Erp.Utilities.Dynamic; (+5 more),1482,2021-04-29,API / domain manager component,Split (CC~453)
Core (WebVella.Erp),WebVella.Erp/Api/EntityRelationManager.cs,C#,WebVella.Erp.Api.Models; WebVella.Erp.Api.Models.AutoMapper; WebVella.Erp.Database; System.Collections.Generic; System.Linq; System.Net,472,2020-12-10,API / domain manager component,Split (CC~110)
Core (WebVella.Erp),WebVella.Erp/Api/ImportExportManager.cs,C#,WebVella.Erp.Api.Models; WebVella.Erp.Database; CsvHelper.Configuration; Newtonsoft.Json; Newtonsoft.Json.Linq; System; (+6 more),934,2023-01-04,API / domain manager component,Split (CC~217)
Core (WebVella.Erp),WebVella.Erp/Api/Models/ActionItemSection.cs,C#,(no using directives),21,2019-01-22,Model / DTO / data structure,Low (CC~1)
Core (WebVella.Erp),WebVella.Erp/Api/Models/AutoMapper/AutoMapperConfiguration.cs,C#,WebVella.Erp.Api.Models.AutoMapper.Profiles; WebVella.Erp.Api.Models.AutoMapper.Resolvers; AutoMapper; AutoMapper.Configuration; System,45,2022-01-27,Model / DTO / data structure,Low (CC~3)
Core (WebVella.Erp),WebVella.Erp/Api/Models/AutoMapper/AutoMapperExtensions.cs,C#,AutoMapper; System.Collections.Generic; System.Collections; System.Linq,62,2019-12-30,Model / DTO / data structure,Watch (CC~13)
Core (WebVella.Erp),WebVella.Erp/Api/Models/AutoMapper/ErpAutoMapper.cs,C#,AutoMapper.Configuration; System; System.Collections.Generic; System.Text,16,2020-03-13,Model / DTO / data structure,Low (CC~1)
Core (WebVella.Erp),WebVella.Erp/Api/Models/AutoMapper/Profiles/CurrencyProfile.cs,C#,WebVella.Erp.Jobs; Newtonsoft.Json; System; System.Data; System.Dynamic; System.Linq,58,2019-01-22,Model / DTO / data structure,Low (CC~6)
Core (WebVella.Erp),WebVella.Erp/Api/Models/AutoMapper/Profiles/DataSourceProfile.cs,C#,Newtonsoft.Json; System; System.Collections.Generic; System.Data,35,2024-06-11,Model / DTO / data structure,Low (CC~4)
Core (WebVella.Erp),WebVella.Erp/Api/Models/AutoMapper/Profiles/DatabaseNNRelationRecordProfile.cs,C#,Newtonsoft.Json; System; System.Collections.Generic; System.Data,24,2020-03-13,Model / DTO / data structure,Low (CC~2)
Core (WebVella.Erp),WebVella.Erp/Api/Models/AutoMapper/Profiles/EntityProfile.cs,C#,WebVella.Erp.Database; System,18,2020-12-21,Model / DTO / data structure,Low (CC~4)
Core (WebVella.Erp),WebVella.Erp/Api/Models/AutoMapper/Profiles/EntityRelationOptionsProfile.cs,C#,WebVella.Erp.Database,13,2019-01-22,Model / DTO / data structure,Low (CC~1)
Core (WebVella.Erp),WebVella.Erp/Api/Models/AutoMapper/Profiles/EntityRelationProfile.cs,C#,WebVella.Erp.Database,13,2019-01-22,Model / DTO / data structure,Low (CC~1)
Core (WebVella.Erp),WebVella.Erp/Api/Models/AutoMapper/Profiles/ErpRoleConverter.cs,C#,AutoMapper,19,2019-01-22,Model / DTO / data structure,Low (CC~2)
Core (WebVella.Erp),WebVella.Erp/Api/Models/AutoMapper/Profiles/ErpUserConverter.cs,C#,AutoMapper; Newtonsoft.Json; System.Collections.Generic,71,2019-01-22,Model / DTO / data structure,Watch (CC~11)
Core (WebVella.Erp),WebVella.Erp/Api/Models/AutoMapper/Profiles/ErrorModelProfile.cs,C#,WebVella.Erp.Exceptions; AutoMapper; System.Collections.Generic; System.Linq; System.Threading.Tasks,22,2019-01-22,Model / DTO / data structure,Low (CC~3)
Core (WebVella.Erp),WebVella.Erp/Api/Models/AutoMapper/Profiles/FieldPermissionsProfile.cs,C#,WebVella.Erp.Database; System,14,2019-01-22,Model / DTO / data structure,Low (CC~1)
Core (WebVella.Erp),WebVella.Erp/Api/Models/AutoMapper/Profiles/FieldProfile.cs,C#,WebVella.Erp.Database; WebVella.Erp.Storage; System,187,2020-12-21,Model / DTO / data structure,Low (CC~7)
Core (WebVella.Erp),WebVella.Erp/Api/Models/AutoMapper/Profiles/JobProfile.cs,C#,WebVella.Erp.Jobs; Newtonsoft.Json; Newtonsoft.Json.Converters; System; System.Data; System.Dynamic; (+1 more),149,2020-08-07,Model / DTO / data structure,Split (CC~40)
Core (WebVella.Erp),WebVella.Erp/Api/Models/AutoMapper/Profiles/RecordPermissionsProfile.cs,C#,WebVella.Erp.Database,13,2019-01-22,Model / DTO / data structure,Low (CC~1)
Core (WebVella.Erp),WebVella.Erp/Api/Models/AutoMapper/Profiles/SearchResultProfile.cs,C#,Newtonsoft.Json; System; System.Collections.Generic; System.Data,45,2019-02-27,Model / DTO / data structure,High (CC~16)
Core (WebVella.Erp),WebVella.Erp/Api/Models/AutoMapper/Profiles/UserFileProfile.cs,C#,AutoMapper; System.Collections.Generic; System.Linq; System.Threading.Tasks,34,2019-01-22,Model / DTO / data structure,Low (CC~2)
Core (WebVella.Erp),WebVella.Erp/Api/Models/AutoMapper/Resolvers/DateTimeTypeConverter.cs,C#,AutoMapper,12,2019-01-22,Model / DTO / data structure,Low (CC~1)
Core (WebVella.Erp),WebVella.Erp/Api/Models/AutoMapper/Resolvers/GuidToStringConverter.cs,C#,AutoMapper,12,2019-01-22,Model / DTO / data structure,Low (CC~1)
Core (WebVella.Erp),WebVella.Erp/Api/Models/AutoMapper/Resolvers/SanitizeHtml.cs,C#,System.Diagnostics; System.Text.RegularExpressions,56,2019-01-22,Model / DTO / data structure,Low (CC~6)
Core (WebVella.Erp),WebVella.Erp/Api/Models/AutoMapper/Resolvers/StringToGuidConverter.cs,C#,AutoMapper,25,2019-01-22,Model / DTO / data structure,Low (CC~6)
Core (WebVella.Erp),WebVella.Erp/Api/Models/AutoMapper/Resolvers/UrlResolver.cs,C#,(no using directives),15,2019-01-22,Model / DTO / data structure,Low (CC~4)
Core (WebVella.Erp),WebVella.Erp/Api/Models/BaseModels.cs,C#,System; System.Collections.Generic; System.Net,66,2019-01-22,Model / DTO / data structure,Low (CC~1)
Core (WebVella.Erp),WebVella.Erp/Api/Models/CodeDataSource.cs,C#,System.Collections.Generic,13,2019-01-22,Model / DTO / data structure,Low (CC~1)
Core (WebVella.Erp),WebVella.Erp/Api/Models/Currency.cs,C#,System; System.Collections.Generic; System.Linq; System.Threading.Tasks,41,2019-01-22,Model / DTO / data structure,Low (CC~1)
Core (WebVella.Erp),WebVella.Erp/Api/Models/DataSourceBase.cs,C#,System; System.Collections.Generic,33,2024-06-11,Model / DTO / data structure,Low (CC~1)
Core (WebVella.Erp),WebVella.Erp/Api/Models/DataSourceModelFieldMeta.cs,C#,WebVella.Erp.Eql; System.Collections.Generic,36,2019-01-22,Model / DTO / data structure,Low (CC~3)
Core (WebVella.Erp),WebVella.Erp/Api/Models/DataSourceParameter.cs,C#,System,16,2019-11-08,Model / DTO / data structure,Low (CC~1)
Core (WebVella.Erp),WebVella.Erp/Api/Models/DataSourceType.cs,C#,(no using directives),11,2019-01-22,Model / DTO / data structure,Low (CC~1)
Core (WebVella.Erp),WebVella.Erp/Api/Models/DatabaseDataSource.cs,C#,(no using directives),15,2024-06-11,Model / DTO / data structure,Low (CC~1)
Core (WebVella.Erp),WebVella.Erp/Api/Models/DatabaseNNRelationRecord.cs,C#,System,12,2020-03-13,Model / DTO / data structure,Low (CC~1)
Core (WebVella.Erp),WebVella.Erp/Api/Models/Entity.cs,C#,System; System.Collections.Generic,84,2019-01-22,Model / DTO / data structure,Low (CC~5)
Core (WebVella.Erp),WebVella.Erp/Api/Models/EntityQuery.cs,C#,System; System.Collections.Generic,103,2019-01-22,Model / DTO / data structure,Watch (CC~12)
Core (WebVella.Erp),WebVella.Erp/Api/Models/EntityRecord.cs,C#,WebVella.Erp.Utilities.Dynamic; Newtonsoft.Json; System,11,2019-01-22,Model / DTO / data structure,Low (CC~1)
Core (WebVella.Erp),WebVella.Erp/Api/Models/EntityRecordList.cs,C#,System.Collections.Generic,10,2019-04-30,Model / DTO / data structure,Low (CC~1)
Core (WebVella.Erp),WebVella.Erp/Api/Models/EntityRelation.cs,C#,System; System.Collections.Generic; System.ComponentModel,111,2019-01-22,Model / DTO / data structure,Low (CC~4)
Core (WebVella.Erp),WebVella.Erp/Api/Models/ErpRole.cs,C#,System,15,2019-01-22,Model / DTO / data structure,Low (CC~1)
Core (WebVella.Erp),WebVella.Erp/Api/Models/ErpUser.cs,C#,System; System.Collections.Generic; System.Linq,50,2019-01-22,Model / DTO / data structure,Low (CC~2)
Core (WebVella.Erp),WebVella.Erp/Api/Models/ErpUserPreferences.cs,C#,System; System.Collections.Generic,28,2019-03-13,Model / DTO / data structure,Low (CC~5)
Core (WebVella.Erp),WebVella.Erp/Api/Models/FSResponse.cs,C#,System; System.Collections.Generic; System.Linq; System.Threading.Tasks,29,2019-01-22,Model / DTO / data structure,Low (CC~1)
Core (WebVella.Erp),WebVella.Erp/Api/Models/FieldTypes/AutoNumberField.cs,C#,Newtonsoft.Json; System.Linq,29,2019-01-22,Model / DTO / data structure,Low (CC~5)
Core (WebVella.Erp),WebVella.Erp/Api/Models/FieldTypes/BaseField.cs,C#,WebVella.Erp.Api.Models; Newtonsoft.Json.Linq; System; System.Collections.Generic; System.Linq,402,2020-12-21,Model / DTO / data structure,Split (CC~93)
Core (WebVella.Erp),WebVella.Erp/Api/Models/FieldTypes/CheckboxField.cs,C#,System,20,2019-01-22,Model / DTO / data structure,Low (CC~3)
Core (WebVella.Erp),WebVella.Erp/Api/Models/FieldTypes/CurrencyField.cs,C#,System,32,2019-01-22,Model / DTO / data structure,Low (CC~7)
Core (WebVella.Erp),WebVella.Erp/Api/Models/FieldTypes/DateField.cs,C#,System,28,2019-01-22,Model / DTO / data structure,Low (CC~5)
Core (WebVella.Erp),WebVella.Erp/Api/Models/FieldTypes/DateTimeField.cs,C#,System,28,2019-01-22,Model / DTO / data structure,Low (CC~5)
Core (WebVella.Erp),WebVella.Erp/Api/Models/FieldTypes/EmailField.cs,C#,System,24,2019-01-22,Model / DTO / data structure,Low (CC~3)
Core (WebVella.Erp),WebVella.Erp/Api/Models/FieldTypes/FieldType.cs,C#,(no using directives),49,2020-11-14,Model / DTO / data structure,Low (CC~1)
Core (WebVella.Erp),WebVella.Erp/Api/Models/FieldTypes/FileField.cs,C#,System,20,2019-01-22,Model / DTO / data structure,Low (CC~1)
Core (WebVella.Erp),WebVella.Erp/Api/Models/FieldTypes/FormulaField.cs,C#,(no using directives),4,2019-01-22,Model / DTO / data structure,Low (CC~2)
Core (WebVella.Erp),WebVella.Erp/Api/Models/FieldTypes/GeographyField.cs,C#,System,42,2020-11-14,Model / DTO / data structure,Low (CC~7)
Core (WebVella.Erp),WebVella.Erp/Api/Models/FieldTypes/GuidField.cs,C#,System; System.Collections.Generic,37,2019-01-22,Model / DTO / data structure,Low (CC~5)
Core (WebVella.Erp),WebVella.Erp/Api/Models/FieldTypes/HtmlField.cs,C#,System,20,2019-01-22,Model / DTO / data structure,Low (CC~1)
Core (WebVella.Erp),WebVella.Erp/Api/Models/FieldTypes/ImageField.cs,C#,System,20,2019-01-22,Model / DTO / data structure,Low (CC~1)
Core (WebVella.Erp),WebVella.Erp/Api/Models/FieldTypes/MultiLineTextField.cs,C#,System,28,2019-01-22,Model / DTO / data structure,Low (CC~5)
Core (WebVella.Erp),WebVella.Erp/Api/Models/FieldTypes/MultiSelectField.cs,C#,WebVella.Erp.Database; System; System.Collections.Generic,26,2019-01-22,Model / DTO / data structure,Low (CC~1)
Core (WebVella.Erp),WebVella.Erp/Api/Models/FieldTypes/NumberField.cs,C#,System,32,2019-01-22,Model / DTO / data structure,Low (CC~9)
Core (WebVella.Erp),WebVella.Erp/Api/Models/FieldTypes/PasswordField.cs,C#,System,28,2019-01-22,Model / DTO / data structure,Low (CC~7)
Core (WebVella.Erp),WebVella.Erp/Api/Models/FieldTypes/PercentField.cs,C#,System,32,2019-01-22,Model / DTO / data structure,Low (CC~9)
Core (WebVella.Erp),WebVella.Erp/Api/Models/FieldTypes/PhoneField.cs,C#,System,28,2019-01-22,Model / DTO / data structure,Low (CC~3)
Core (WebVella.Erp),WebVella.Erp/Api/Models/FieldTypes/RelationFieldMeta.cs,C#,System; System.Collections.Generic,39,2019-01-22,Model / DTO / data structure,Low (CC~1)
Core (WebVella.Erp),WebVella.Erp/Api/Models/FieldTypes/SelectField.cs,C#,WebVella.Erp.Database; System; System.Collections.Generic,56,2019-01-22,Model / DTO / data structure,Low (CC~1)
Core (WebVella.Erp),WebVella.Erp/Api/Models/FieldTypes/TextField.cs,C#,System,24,2019-01-22,Model / DTO / data structure,Low (CC~3)
Core (WebVella.Erp),WebVella.Erp/Api/Models/FieldTypes/TreeSelectField.cs,C#,(no using directives),1,2019-01-22,Model / DTO / data structure,Low (CC~1)
Core (WebVella.Erp),WebVella.Erp/Api/Models/FieldTypes/UrlField.cs,C#,System,28,2019-01-22,Model / DTO / data structure,Low (CC~5)
Core (WebVella.Erp),WebVella.Erp/Api/Models/MetaChange.cs,C#,System; System.Collections.Generic; System.Linq; System.Threading.Tasks,50,2019-01-22,Model / DTO / data structure,Low (CC~1)
Core (WebVella.Erp),WebVella.Erp/Api/Models/QueryCountResponse.cs,C#,System; System.Collections.Generic; System.Linq; System.Threading.Tasks,13,2019-01-22,Model / DTO / data structure,Low (CC~1)
Core (WebVella.Erp),WebVella.Erp/Api/Models/QueryObject.cs,C#,System; System.Collections.Generic,29,2019-01-22,Model / DTO / data structure,Low (CC~1)
Core (WebVella.Erp),WebVella.Erp/Api/Models/QueryResponse.cs,C#,System; System.Collections.Generic; System.Linq; System.Threading.Tasks,16,2019-01-22,Model / DTO / data structure,Low (CC~1)
Core (WebVella.Erp),WebVella.Erp/Api/Models/QueryResult.cs,C#,System.Collections.Generic,12,2019-01-22,Model / DTO / data structure,Low (CC~1)
Core (WebVella.Erp),WebVella.Erp/Api/Models/QuerySecurity.cs,C#,(no using directives),6,2019-01-22,Model / DTO / data structure,Low (CC~1)
Core (WebVella.Erp),WebVella.Erp/Api/Models/QuerySortObject.cs,C#,System,18,2019-01-22,Model / DTO / data structure,Low (CC~1)
Core (WebVella.Erp),WebVella.Erp/Api/Models/QuerySortType.cs,C#,System.ComponentModel,12,2019-01-22,Model / DTO / data structure,Low (CC~1)
Core (WebVella.Erp),WebVella.Erp/Api/Models/QueryType.cs,C#,(no using directives),21,2019-01-22,Model / DTO / data structure,Low (CC~1)
Core (WebVella.Erp),WebVella.Erp/Api/Models/SearchQuery.cs,C#,System; System.Collections.Generic,25,2019-02-27,Model / DTO / data structure,Low (CC~3)
Core (WebVella.Erp),WebVella.Erp/Api/Models/SearchResult.cs,C#,System; System.Collections.Generic,29,2019-02-27,Model / DTO / data structure,Low (CC~1)
Core (WebVella.Erp),WebVella.Erp/Api/Models/SearchResultList.cs,C#,(no using directives),8,2019-02-27,Model / DTO / data structure,Low (CC~1)
Core (WebVella.Erp),WebVella.Erp/Api/Models/SearchResultType.cs,C#,System.Collections.Generic,10,2019-02-27,Model / DTO / data structure,Low (CC~1)
Core (WebVella.Erp),WebVella.Erp/Api/Models/SearchType.cs,C#,System.Collections.Generic,10,2019-02-27,Model / DTO / data structure,Low (CC~1)
Core (WebVella.Erp),WebVella.Erp/Api/Models/SelectOptionAttribute.cs,C#,(no using directives),26,2019-01-22,Model / DTO / data structure,Low (CC~1)
Core (WebVella.Erp),WebVella.Erp/Api/Models/SystemSettings.cs,C#,WebVella.Erp.Database; System,21,2019-01-22,Model / DTO / data structure,Low (CC~1)
Core (WebVella.Erp),WebVella.Erp/Api/Models/UserComponentUsage.cs,C#,System; System.Collections.Generic; System.Text,16,2019-01-22,Model / DTO / data structure,Low (CC~1)
Core (WebVella.Erp),WebVella.Erp/Api/Models/UserFile.cs,C#,System; System.Collections.Generic; System.Linq; System.Threading.Tasks,38,2019-01-22,Model / DTO / data structure,Low (CC~2)
Core (WebVella.Erp),WebVella.Erp/Api/Models/ValidationUtility.cs,C#,System.Collections.Generic; System.Text.RegularExpressions,99,2020-02-07,Model / DTO / data structure,High (CC~30)
Core (WebVella.Erp),WebVella.Erp/Api/RecordManager.cs,C#,WebVella.Erp.Api.Models; WebVella.Erp.Database; WebVella.Erp.Exceptions; WebVella.Erp.Hooks; WebVella.Erp.Utilities; System; (+4 more),1743,2024-06-10,API / domain manager component,Split (CC~442)
Core (WebVella.Erp),WebVella.Erp/Api/SearchManager.cs,C#,WebVella.Erp.Api.Models; WebVella.Erp.Api.Models.AutoMapper; WebVella.Erp.Database; WebVella.Erp.Fts; Npgsql; System; (+3 more),212,2019-02-27,API / domain manager component,Split (CC~52)
Core (WebVella.Erp),WebVella.Erp/Api/SecurityContext.cs,C#,WebVella.Erp.Api.Models; System.Collections.Generic; System.Diagnostics; System.Linq; System.Threading,141,2019-01-22,API / domain manager component,Split (CC~31)
Core (WebVella.Erp),WebVella.Erp/Api/SecurityManager.cs,C#,WebVella.Erp.Api.Models; WebVella.Erp.Api.Models.AutoMapper; WebVella.Erp.Database; WebVella.Erp.Eql; WebVella.Erp.Exceptions; WebVella.Erp.Utilities; (+6 more),303,2023-03-03,API / domain manager component,Split (CC~52)
Core (WebVella.Erp),WebVella.Erp/Database/AutoMapper/AutoMapperConfiguration.cs,C#,(no using directives),1,2019-01-22,"Database / data-access component (Npgsql, DDL builders, repository)",Low (CC~3)
Core (WebVella.Erp),WebVella.Erp/Database/AutoMapper/AutoMapperExtensions.cs,C#,(no using directives),1,2019-01-22,"Database / data-access component (Npgsql, DDL builders, repository)",Low (CC~5)
Core (WebVella.Erp),WebVella.Erp/Database/AutoMapper/Profiles/DbEntityProfile.cs,C#,(no using directives),1,2019-01-22,"Database / data-access component (Npgsql, DDL builders, repository)",Low (CC~1)
Core (WebVella.Erp),WebVella.Erp/Database/AutoMapper/Profiles/DbEntityRelationOptionsProfile.cs,C#,(no using directives),1,2019-01-22,"Database / data-access component (Npgsql, DDL builders, repository)",Low (CC~1)
Core (WebVella.Erp),WebVella.Erp/Database/AutoMapper/Profiles/DbEntityRelationProfile.cs,C#,(no using directives),1,2019-01-22,"Database / data-access component (Npgsql, DDL builders, repository)",Low (CC~1)
Core (WebVella.Erp),WebVella.Erp/Database/AutoMapper/Profiles/DbFieldPermissionsProfile.cs,C#,(no using directives),1,2019-01-22,"Database / data-access component (Npgsql, DDL builders, repository)",Low (CC~1)
Core (WebVella.Erp),WebVella.Erp/Database/AutoMapper/Profiles/DbFieldProfile.cs,C#,(no using directives),1,2019-01-22,"Database / data-access component (Npgsql, DDL builders, repository)",Low (CC~1)
Core (WebVella.Erp),WebVella.Erp/Database/AutoMapper/Profiles/DbRecordPermissionsProfile.cs,C#,(no using directives),1,2019-01-22,"Database / data-access component (Npgsql, DDL builders, repository)",Low (CC~1)
Core (WebVella.Erp),WebVella.Erp/Database/AutoMapper/Profiles/DbRecordTreeProfile.cs,C#,(no using directives),1,2019-01-22,"Database / data-access component (Npgsql, DDL builders, repository)",Low (CC~5)
Core (WebVella.Erp),WebVella.Erp/Database/AutoMapper/Profiles/DbRecordViewProfile.cs,C#,(no using directives),1,2019-01-22,"Database / data-access component (Npgsql, DDL builders, repository)",Low (CC~1)
Core (WebVella.Erp),WebVella.Erp/Database/AutoMapper/Profiles/DbRecordsListProfile.cs,C#,(no using directives),1,2019-01-22,"Database / data-access component (Npgsql, DDL builders, repository)",Low (CC~1)
Core (WebVella.Erp),WebVella.Erp/Database/DBTypeConverter.cs,C#,WebVella.Erp.Api.Models; NpgsqlTypes,201,2020-11-14,"Database / data-access component (Npgsql, DDL builders, repository)",Split (CC~61)
Core (WebVella.Erp),WebVella.Erp/Database/DbConnection.cs,C#,Npgsql; NpgsqlTypes; System.Threading; System.Collections.Generic; System.Linq; System.Threading.Tasks; (+2 more),159,2022-01-27,"Database / data-access component (Npgsql, DDL builders, repository)",High (CC~17)
Core (WebVella.Erp),WebVella.Erp/Database/DbContext.cs,C#,Npgsql; System.Collections.Concurrent; System.Collections.Generic; System.Diagnostics; System.Threading,128,2021-03-18,"Database / data-access component (Npgsql, DDL builders, repository)",Watch (CC~15)
Core (WebVella.Erp),WebVella.Erp/Database/DbDataSourceRepository.cs,C#,System; System.Data,101,2024-06-11,"Database / data-access component (Npgsql, DDL builders, repository)",Low (CC~5)
Core (WebVella.Erp),WebVella.Erp/Database/DbDocumentBase.cs,C#,Newtonsoft.Json; System,12,2019-01-22,"Database / data-access component (Npgsql, DDL builders, repository)",Low (CC~1)
Core (WebVella.Erp),WebVella.Erp/Database/DbEntity.cs,C#,System; System.Collections.Generic,38,2019-01-22,"Database / data-access component (Npgsql, DDL builders, repository)",Low (CC~2)
Core (WebVella.Erp),WebVella.Erp/Database/DbEntityRelation.cs,C#,WebVella.Erp.Api.Models; System,27,2019-01-22,"Database / data-access component (Npgsql, DDL builders, repository)",Low (CC~1)
Core (WebVella.Erp),WebVella.Erp/Database/DbEntityRelationOptions.cs,C#,System,14,2019-01-22,"Database / data-access component (Npgsql, DDL builders, repository)",Low (CC~2)
Core (WebVella.Erp),WebVella.Erp/Database/DbEntityRepository.cs,C#,WebVella.Erp.Api; WebVella.Erp.Api.Models; WebVella.Erp.Database.Models; Npgsql; NpgsqlTypes; System; (+4 more),255,2021-04-29,"Database / data-access component (Npgsql, DDL builders, repository)",High (CC~20)
Core (WebVella.Erp),WebVella.Erp/Database/DbException.cs,C#,(no using directives),10,2019-01-22,"Database / data-access component (Npgsql, DDL builders, repository)",Low (CC~1)
Core (WebVella.Erp),WebVella.Erp/Database/DbFile.cs,C#,Storage.Net.Blobs; System; System.Data; System.IO,95,2020-11-15,"Database / data-access component (Npgsql, DDL builders, repository)",High (CC~21)
Core (WebVella.Erp),WebVella.Erp/Database/DbFileRepository.cs,C#,Storage.Net; Storage.Net.Blobs; System; System.Collections.Generic; System.Data; System.IO; (+1 more),395,2021-11-10,"Database / data-access component (Npgsql, DDL builders, repository)",Split (CC~78)
Core (WebVella.Erp),WebVella.Erp/Database/DbParameter.cs,C#,System; System.Collections.Generic; System.Linq; System.Threading.Tasks,15,2020-11-14,"Database / data-access component (Npgsql, DDL builders, repository)",Low (CC~1)
Core (WebVella.Erp),WebVella.Erp/Database/DbRecordRepository.cs,C#,WebVella.Erp.Api; WebVella.Erp.Api.Models; WebVella.Erp.Api.Models.AutoMapper; WebVella.Erp.Database.Models; WebVella.Erp.Fts; WebVella.Erp.Utilities; (+11 more),1662,2021-04-29,"Database / data-access component (Npgsql, DDL builders, repository)",Split (CC~244)
Core (WebVella.Erp),WebVella.Erp/Database/DbRelationRepository.cs,C#,WebVella.Erp.Api; WebVella.Erp.Api.Models; WebVella.Erp.Database.Models; Npgsql; NpgsqlTypes; System; (+2 more),255,2020-11-15,"Database / data-access component (Npgsql, DDL builders, repository)",High (CC~26)
Core (WebVella.Erp),WebVella.Erp/Database/DbRepository.cs,C#,WebVella.Erp.Api.Models; WebVella.Erp.Database.Models; NpgsqlTypes; System; System.Collections.Generic; System.Data,509,2021-05-11,"Database / data-access component (Npgsql, DDL builders, repository)",Split (CC~84)
Core (WebVella.Erp),WebVella.Erp/Database/DbSystemSettings.cs,C#,(no using directives),9,2019-01-22,"Database / data-access component (Npgsql, DDL builders, repository)",Low (CC~1)
Core (WebVella.Erp),WebVella.Erp/Database/DbSystemSettingsRepository.cs,C#,WebVella.Erp.Api.Models; NpgsqlTypes; System; System.Collections.Generic; System.Linq; System.Threading.Tasks,95,2020-11-15,"Database / data-access component (Npgsql, DDL builders, repository)",Low (CC~10)
Core (WebVella.Erp),WebVella.Erp/Database/FieldTypes/DbAutoNumberField.cs,C#,Newtonsoft.Json,14,2019-01-22,"Database / data-access component (Npgsql, DDL builders, repository)",Low (CC~3)
Core (WebVella.Erp),WebVella.Erp/Database/FieldTypes/DbBaseField.cs,C#,WebVella.Erp.Api.Models; System,140,2020-12-21,"Database / data-access component (Npgsql, DDL builders, repository)",Split (CC~46)
Core (WebVella.Erp),WebVella.Erp/Database/FieldTypes/DbCheckboxField.cs,C#,(no using directives),9,2019-01-22,"Database / data-access component (Npgsql, DDL builders, repository)",Low (CC~1)
Core (WebVella.Erp),WebVella.Erp/Database/FieldTypes/DbCurrencyField.cs,C#,Newtonsoft.Json,35,2019-01-22,"Database / data-access component (Npgsql, DDL builders, repository)",Low (CC~4)
Core (WebVella.Erp),WebVella.Erp/Database/FieldTypes/DbDateField.cs,C#,System,14,2019-01-22,"Database / data-access component (Npgsql, DDL builders, repository)",Low (CC~2)
Core (WebVella.Erp),WebVella.Erp/Database/FieldTypes/DbDateTimeField.cs,C#,System,14,2019-01-22,"Database / data-access component (Npgsql, DDL builders, repository)",Low (CC~2)
Core (WebVella.Erp),WebVella.Erp/Database/FieldTypes/DbEmailField.cs,C#,(no using directives),11,2019-01-22,"Database / data-access component (Npgsql, DDL builders, repository)",Low (CC~2)
Core (WebVella.Erp),WebVella.Erp/Database/FieldTypes/DbFieldPermissions.cs,C#,System; System.Collections.Generic,18,2019-01-22,"Database / data-access component (Npgsql, DDL builders, repository)",Low (CC~1)
Core (WebVella.Erp),WebVella.Erp/Database/FieldTypes/DbFileField.cs,C#,(no using directives),9,2019-01-22,"Database / data-access component (Npgsql, DDL builders, repository)",Low (CC~1)
Core (WebVella.Erp),WebVella.Erp/Database/FieldTypes/DbFormulaField.cs,C#,(no using directives),4,2019-01-22,"Database / data-access component (Npgsql, DDL builders, repository)",Low (CC~1)
Core (WebVella.Erp),WebVella.Erp/Database/FieldTypes/DbGeographyField.cs,C#,(no using directives),22,2020-11-14,"Database / data-access component (Npgsql, DDL builders, repository)",Low (CC~4)
Core (WebVella.Erp),WebVella.Erp/Database/FieldTypes/DbGuidField.cs,C#,System,12,2019-01-22,"Database / data-access component (Npgsql, DDL builders, repository)",Low (CC~3)
Core (WebVella.Erp),WebVella.Erp/Database/FieldTypes/DbHtmlField.cs,C#,(no using directives),9,2019-01-22,"Database / data-access component (Npgsql, DDL builders, repository)",Low (CC~1)
Core (WebVella.Erp),WebVella.Erp/Database/FieldTypes/DbImageField.cs,C#,(no using directives),9,2019-01-22,"Database / data-access component (Npgsql, DDL builders, repository)",Low (CC~1)
Core (WebVella.Erp),WebVella.Erp/Database/FieldTypes/DbMultiLineTextField.cs,C#,(no using directives),13,2019-01-22,"Database / data-access component (Npgsql, DDL builders, repository)",Low (CC~3)
Core (WebVella.Erp),WebVella.Erp/Database/FieldTypes/DbMultiSelectField.cs,C#,System.Collections.Generic,12,2019-01-22,"Database / data-access component (Npgsql, DDL builders, repository)",Low (CC~1)
Core (WebVella.Erp),WebVella.Erp/Database/FieldTypes/DbNumberField.cs,C#,(no using directives),15,2019-01-22,"Database / data-access component (Npgsql, DDL builders, repository)",Low (CC~4)
Core (WebVella.Erp),WebVella.Erp/Database/FieldTypes/DbPasswordField.cs,C#,(no using directives),13,2019-01-22,"Database / data-access component (Npgsql, DDL builders, repository)",Low (CC~3)
Core (WebVella.Erp),WebVella.Erp/Database/FieldTypes/DbPercentField.cs,C#,(no using directives),15,2019-01-22,"Database / data-access component (Npgsql, DDL builders, repository)",Low (CC~4)
Core (WebVella.Erp),WebVella.Erp/Database/FieldTypes/DbPhoneField.cs,C#,(no using directives),13,2019-01-22,"Database / data-access component (Npgsql, DDL builders, repository)",Low (CC~2)
Core (WebVella.Erp),WebVella.Erp/Database/FieldTypes/DbSelectField.cs,C#,System.Collections.Generic,23,2019-01-22,"Database / data-access component (Npgsql, DDL builders, repository)",Low (CC~1)
Core (WebVella.Erp),WebVella.Erp/Database/FieldTypes/DbTextField.cs,C#,(no using directives),11,2019-01-22,"Database / data-access component (Npgsql, DDL builders, repository)",Low (CC~2)
Core (WebVella.Erp),WebVella.Erp/Database/FieldTypes/DbTreeSelectField.cs,C#,System,18,2019-01-22,"Database / data-access component (Npgsql, DDL builders, repository)",Low (CC~1)
Core (WebVella.Erp),WebVella.Erp/Database/FieldTypes/DbUrlField.cs,C#,(no using directives),13,2019-01-22,"Database / data-access component (Npgsql, DDL builders, repository)",Low (CC~2)
Core (WebVella.Erp),WebVella.Erp/Diagnostics/Log.cs,C#,WebVella.Erp.Api.Models; WebVella.Erp.Database; Newtonsoft.Json; Npgsql; System; System.Data,111,2019-10-31,C# source component,Watch (CC~14)
Core (WebVella.Erp),WebVella.Erp/ERPService.cs,C#,WebVella.Erp.Api; WebVella.Erp.Api.Models; WebVella.Erp.Api.Models.AutoMapper; WebVella.Erp.Database; WebVella.Erp.Hooks; WebVella.Erp.Jobs; (+2 more),1271,2024-06-11,"Core ERP service: system entity initialization, plugin/job bootstrap, embedded DDL",Split (CC~53)
Core (WebVella.Erp),WebVella.Erp/Eql/EqlAbstractTree.cs,C#,(no using directives),103,2024-12-18,EQL query-language component (grammar/parser/translator),Low (CC~4)
Core (WebVella.Erp),WebVella.Erp/Eql/EqlBuildResult.cs,C#,WebVella.Erp.Api.Models,15,2019-01-22,EQL query-language component (grammar/parser/translator),Low (CC~1)
Core (WebVella.Erp),WebVella.Erp/Eql/EqlBuilder.Sql.cs,C#,WebVella.Erp.Api; WebVella.Erp.Api.Models; WebVella.Erp.Fts; System.Collections; System.Collections.Generic; System.Linq; (+1 more),819,2021-10-11,EQL query-language component (grammar/parser/translator),Split (CC~194)
Core (WebVella.Erp),WebVella.Erp/Eql/EqlBuilder.cs,C#,WebVella.Erp.Api.Models; WebVella.Erp.Database; WebVella.Erp.Hooks; System; System.Collections.Generic; System.Linq,380,2024-12-18,EQL query-language component (grammar/parser/translator),Split (CC~83)
Core (WebVella.Erp),WebVella.Erp/Eql/EqlCommand.cs,C#,WebVella.Erp.Api; WebVella.Erp.Api.Models; WebVella.Erp.Database; WebVella.Erp.Hooks; Npgsql; System; (+3 more),209,2024-12-18,EQL query-language component (grammar/parser/translator),Split (CC~41)
Core (WebVella.Erp),WebVella.Erp/Eql/EqlError.cs,C#,(no using directives),9,2019-01-22,EQL query-language component (grammar/parser/translator),Low (CC~3)
Core (WebVella.Erp),WebVella.Erp/Eql/EqlException.cs,C#,System.Collections.Generic,22,2019-01-22,EQL query-language component (grammar/parser/translator),Low (CC~4)
Core (WebVella.Erp),WebVella.Erp/Eql/EqlFieldMeta.cs,C#,WebVella.Erp.Api.Models,16,2019-01-22,EQL query-language component (grammar/parser/translator),Low (CC~1)
Core (WebVella.Erp),WebVella.Erp/Eql/EqlGrammar.cs,C#,System,98,2020-03-19,EQL query-language component (grammar/parser/translator),Low (CC~1)
Core (WebVella.Erp),WebVella.Erp/Eql/EqlNodeType.cs,C#,(no using directives),22,2024-12-18,EQL query-language component (grammar/parser/translator),Low (CC~1)
Core (WebVella.Erp),WebVella.Erp/Eql/EqlParameter.cs,C#,Npgsql; NpgsqlTypes; System,72,2019-05-17,EQL query-language component (grammar/parser/translator),High (CC~17)
Core (WebVella.Erp),WebVella.Erp/Eql/EqlRelationDirectionType.cs,C#,(no using directives),8,2024-12-18,EQL query-language component (grammar/parser/translator),Low (CC~1)
Core (WebVella.Erp),WebVella.Erp/Eql/EqlSettings.cs,C#,(no using directives),11,2021-10-11,EQL query-language component (grammar/parser/translator),Low (CC~1)
Core (WebVella.Erp),WebVella.Erp/ErpPlugin.cs,C#,WebVella.Erp.Database; AutoMapper.Configuration; Newtonsoft.Json; Npgsql; System; System.Collections.Generic; (+1 more),93,2022-01-27,Plugin entry point / registration (ErpPlugin subclass),Low (CC~5)
Core (WebVella.Erp),WebVella.Erp/ErpSettings.cs,C#,System; System.Net.Security,94,2022-06-09,C# source component,Split (CC~31)
Core (WebVella.Erp),WebVella.Erp/Exceptions/StorageException.cs,C#,System,17,2019-01-22,Exception type definition,Low (CC~1)
Core (WebVella.Erp),WebVella.Erp/Exceptions/ValidationError.cs,C#,(no using directives),22,2019-01-22,Exception type definition,Low (CC~6)
Core (WebVella.Erp),WebVella.Erp/Exceptions/ValidationException.cs,C#,System.Collections.Generic,32,2019-02-15,Exception type definition,Low (CC~4)
Core (WebVella.Erp),WebVella.Erp/Fts/BulStem/Stemmer.cs,C#,System.Collections; System.Collections.Generic; System.IO; System.Linq; System.Reflection; System.Text; (+1 more),121,2019-01-22,Full-text search component,High (CC~20)
Core (WebVella.Erp),WebVella.Erp/Fts/BulStem/StemmingLevel.cs,C#,System.Collections.Generic; System.Linq; System.Threading.Tasks,13,2019-01-22,Full-text search component,Low (CC~1)
Core (WebVella.Erp),WebVella.Erp/Fts/FtsAnalyzer.cs,C#,System.Collections.Generic; System.Linq,31,2019-01-22,Full-text search component,Low (CC~4)
Core (WebVella.Erp),WebVella.Erp/Hooks/ErpBaseHook.cs,C#,(no using directives),1,2019-01-22,Hook / extensibility callback component,Low (CC~1)
Core (WebVella.Erp),WebVella.Erp/Hooks/ErpRecordHook.cs,C#,(no using directives),1,2019-01-22,Hook / extensibility callback component,Low (CC~1)
Core (WebVella.Erp),WebVella.Erp/Hooks/ErpRecordHookAttribute.cs,C#,(no using directives),1,2019-01-22,Hook / extensibility callback component,Low (CC~1)
Core (WebVella.Erp),WebVella.Erp/Hooks/HookAttachmentAttribute.cs,C#,(no using directives),15,2019-01-22,Hook / extensibility callback component,Low (CC~1)
Core (WebVella.Erp),WebVella.Erp/Hooks/HookAttribute.cs,C#,(no using directives),13,2019-01-22,Hook / extensibility callback component,Low (CC~1)
Core (WebVella.Erp),WebVella.Erp/Hooks/HookInfo.cs,C#,System,12,2019-01-22,Hook / extensibility callback component,Low (CC~1)
Core (WebVella.Erp),WebVella.Erp/Hooks/HookManager.cs,C#,System.Collections.Generic; System.Linq,60,2019-02-07,Hook / extensibility callback component,Watch (CC~15)
Core (WebVella.Erp),WebVella.Erp/Hooks/HooksManager.cs,C#,(no using directives),1,2019-01-22,Hook / extensibility callback component,Split (CC~40)
Core (WebVella.Erp),WebVella.Erp/Hooks/IErpPostCreateManyToManyRelationHook.cs,C#,(no using directives),9,2019-03-21,Hook / extensibility callback component,Low (CC~1)
Core (WebVella.Erp),WebVella.Erp/Hooks/IErpPostCreateRecordHook.cs,C#,(no using directives),9,2019-01-22,Hook / extensibility callback component,Low (CC~1)
Core (WebVella.Erp),WebVella.Erp/Hooks/IErpPostDeleteManyToManyRelationHook.cs,C#,(no using directives),9,2019-03-21,Hook / extensibility callback component,Low (CC~3)
Core (WebVella.Erp),WebVella.Erp/Hooks/IErpPostDeleteRecordHook.cs,C#,(no using directives),9,2019-01-22,Hook / extensibility callback component,Low (CC~1)
Core (WebVella.Erp),WebVella.Erp/Hooks/IErpPostSearchRecordHook.cs,C#,WebVella.Erp.Api.Models,10,2024-12-18,Hook / extensibility callback component,Low (CC~1)
Core (WebVella.Erp),WebVella.Erp/Hooks/IErpPostUpdateRecordHook.cs,C#,(no using directives),9,2019-01-22,Hook / extensibility callback component,Low (CC~1)
Core (WebVella.Erp),WebVella.Erp/Hooks/IErpPreCreateManyToManyRelationHook.cs,C#,WebVella.Erp.Api.Models; System.Collections.Generic,11,2019-03-21,Hook / extensibility callback component,Low (CC~1)
Core (WebVella.Erp),WebVella.Erp/Hooks/IErpPreCreateRecordHook.cs,C#,WebVella.Erp.Api.Models,10,2019-01-22,Hook / extensibility callback component,Low (CC~1)
Core (WebVella.Erp),WebVella.Erp/Hooks/IErpPreDeleteManyToManyRelationHook.cs,C#,WebVella.Erp.Api.Models; System.Collections.Generic,11,2019-03-21,Hook / extensibility callback component,Low (CC~3)
Core (WebVella.Erp),WebVella.Erp/Hooks/IErpPreDeleteRecordHook.cs,C#,WebVella.Erp.Api.Models,10,2019-01-22,Hook / extensibility callback component,Low (CC~1)
Core (WebVella.Erp),WebVella.Erp/Hooks/IErpPreSearchRecordHook.cs,C#,WebVella.Erp.Api.Models; WebVella.Erp.Eql,11,2024-12-18,Hook / extensibility callback component,Low (CC~1)
Core (WebVella.Erp),WebVella.Erp/Hooks/IErpPreUpdateRecordHook.cs,C#,WebVella.Erp.Api.Models,10,2019-01-22,Hook / extensibility callback component,Low (CC~1)
Core (WebVella.Erp),WebVella.Erp/Hooks/RecordHookManager.cs,C#,WebVella.Erp.Api.Models; WebVella.Erp.Eql; System.Collections.Generic,136,2024-12-18,Hook / extensibility callback component,Split (CC~44)
Core (WebVella.Erp),WebVella.Erp/IErpService.cs,C#,WebVella.Erp.Jobs; System.Collections.Generic,15,2019-01-22,C# source component,Low (CC~1)
Core (WebVella.Erp),WebVella.Erp/IQueryRepository.cs,C#,(no using directives),6,2019-01-22,C# source component,Low (CC~1)
Core (WebVella.Erp),WebVella.Erp/Jobs/ErpBackgroundServices.cs,C#,System.Threading; System.Threading.Tasks,34,2020-08-19,Background job / scheduled task component,Low (CC~3)
Core (WebVella.Erp),WebVella.Erp/Jobs/ErpJob.cs,C#,(no using directives),9,2019-01-22,Background job / scheduled task component,Low (CC~1)
Core (WebVella.Erp),WebVella.Erp/Jobs/JobAttribute.cs,C#,(no using directives),36,2019-01-22,Background job / scheduled task component,Low (CC~1)
Core (WebVella.Erp),WebVella.Erp/Jobs/JobDataService.cs,C#,WebVella.Erp.Api.Models.AutoMapper; WebVella.Erp.Database; Npgsql; NpgsqlTypes; System; System.Collections.Generic; (+3 more),443,2020-08-07,Background job / scheduled task component,Split (CC~102)
Core (WebVella.Erp),WebVella.Erp/Jobs/JobManager.cs,C#,WebVella.Erp.Api; WebVella.Erp.Database; WebVella.Erp.Diagnostics; System.Collections.Generic; System.Linq; System.Reflection; (+2 more),259,2020-03-12,Background job / scheduled task component,Split (CC~52)
Core (WebVella.Erp),WebVella.Erp/Jobs/JobPool.cs,C#,WebVella.Erp.Api; WebVella.Erp.Database; WebVella.Erp.Diagnostics; WebVella.Erp.Utilities.Dynamic; System; System.Collections.Generic; (+3 more),151,2021-11-10,Background job / scheduled task component,Low (CC~9)
Core (WebVella.Erp),WebVella.Erp/Jobs/Models/Job.cs,C#,System,63,2020-08-07,Background job / scheduled task component,Low (CC~8)
Core (WebVella.Erp),WebVella.Erp/Jobs/Models/JobContext.cs,C#,System; System.Collections.Generic; System.Linq; System.Threading.Tasks,26,2019-01-22,Background job / scheduled task component,Low (CC~1)
Core (WebVella.Erp),WebVella.Erp/Jobs/Models/JobSettings.cs,C#,System; System.Collections.Generic; System.Linq; System.Threading.Tasks,15,2019-01-22,Background job / scheduled task component,Low (CC~1)
Core (WebVella.Erp),WebVella.Erp/Jobs/Models/JobType.cs,C#,System; System.Collections.Generic; System.Linq; System.Threading.Tasks,35,2019-01-22,Background job / scheduled task component,Low (CC~1)
Core (WebVella.Erp),WebVella.Erp/Jobs/Models/SchedulePlan.cs,C#,WebVella.Erp.Api.Models; System; System.Collections.Generic; System.ComponentModel; System.Linq; System.Threading.Tasks,128,2019-01-22,Background job / scheduled task component,High (CC~26)
Core (WebVella.Erp),WebVella.Erp/Jobs/SheduleManager.cs,C#,WebVella.Erp.Api; WebVella.Erp.Database; WebVella.Erp.Diagnostics; WebVella.Erp.Exceptions; System.Collections.Generic; System.Dynamic; (+3 more),581,2022-10-12,Background job / scheduled task component,Split (CC~103)
Core (WebVella.Erp),WebVella.Erp/Notifications/ErpRecordChangeNotification.cs,C#,(no using directives),10,2019-01-22,C# source component,Low (CC~1)
Core (WebVella.Erp),WebVella.Erp/Notifications/Listener.cs,C#,System.Reflection,11,2019-01-22,C# source component,Low (CC~1)
Core (WebVella.Erp),WebVella.Erp/Notifications/Notification.cs,C#,System.Collections.Generic; System.Linq; System.Threading.Tasks,12,2019-01-22,C# source component,Low (CC~1)
Core (WebVella.Erp),WebVella.Erp/Notifications/NotificationContext.cs,C#,WebVella.Erp.Utilities; WebVella.Erp.Utilities.Dynamic; Npgsql; System; System.Collections.Generic; System.Linq; (+3 more),135,2019-11-19,C# source component,High (CC~19)
Core (WebVella.Erp),WebVella.Erp/Notifications/NotificationHandlerAttribute.cs,C#,System.Collections.Generic; System.Linq; System.Threading.Tasks,15,2019-01-22,C# source component,Low (CC~1)
Core (WebVella.Erp),WebVella.Erp/Recurrence/RecurrenceChangeType.cs,C#,WebVella.Erp.Api.Models; System,14,2019-02-25,C# source component,Low (CC~1)
Core (WebVella.Erp),WebVella.Erp/Recurrence/RecurrenceEndType.cs,C#,(no using directives),13,2019-02-25,C# source component,Low (CC~1)
Core (WebVella.Erp),WebVella.Erp/Recurrence/RecurrencePeriodType.cs,C#,(no using directives),21,2019-02-25,C# source component,Low (CC~1)
Core (WebVella.Erp),WebVella.Erp/Recurrence/RecurrencePlan.cs,C#,Ical.Net.CalendarComponents; Ical.Net.DataTypes; Newtonsoft.Json; System; System.Collections.Generic,276,2019-03-13,C# source component,Split (CC~44)
Core (WebVella.Erp),WebVella.Erp/Recurrence/RecurrenceRepeatMonthType.cs,C#,(no using directives),11,2019-02-25,C# source component,Low (CC~1)
Core (WebVella.Erp),WebVella.Erp/Recurrence/RecurrenceTemplate.cs,C#,Ical.Net.CalendarComponents; Ical.Net.DataTypes; Newtonsoft.Json; System; System.Collections.Generic,219,2019-02-25,C# source component,High (CC~28)
Core (WebVella.Erp),WebVella.Erp/Recurrence/RecurrenceType.cs,C#,(no using directives),23,2019-02-25,C# source component,Low (CC~1)
Core (WebVella.Erp),WebVella.Erp/Utilities/CryptoUtility.cs,C#,System; System.Collections.Generic; System.IO; System.Security.Cryptography; System.Text,183,2022-01-27,C# source component,Watch (CC~14)
Core (WebVella.Erp),WebVella.Erp/Utilities/DatasetExtensions.cs,C#,WebVella.Erp.Api.Models; WebVella.Erp.Utilities; System.Text,57,2019-01-22,C# source component,Watch (CC~12)
Core (WebVella.Erp),WebVella.Erp/Utilities/DateTimeExtensions.cs,C#,(no using directives),49,2021-02-02,C# source component,High (CC~17)
Core (WebVella.Erp),WebVella.Erp/Utilities/Dynamic/DynamicObjectCreater.cs,C#,System.Reflection; System.Reflection.Emit,37,2019-01-22,C# source component,Low (CC~1)
Core (WebVella.Erp),WebVella.Erp/Utilities/Dynamic/Expando.cs,C#,System; System.Collections.Generic; System.Linq; System.Dynamic; System.Reflection,198,2019-01-22,C# source component,Split (CC~40)
Core (WebVella.Erp),WebVella.Erp/Utilities/Dynamic/PropertyBag.cs,C#,System.Collections.Generic; System.Xml.Serialization; System.Xml,138,2019-01-22,C# source component,Low (CC~10)
Core (WebVella.Erp),WebVella.Erp/Utilities/Dynamic/SerializationUtils.cs,C#,System; System.IO; System.Text; System.Reflection; System.Xml; System.Xml.Serialization; (+2 more),115,2021-11-10,C# source component,Split (CC~38)
Core (WebVella.Erp),WebVella.Erp/Utilities/Dynamic/Utilities.cs,C#,System.Reflection,72,2019-01-22,C# source component,High (CC~30)
Core (WebVella.Erp),WebVella.Erp/Utilities/Helpers.cs,C#,WebVella.Erp.Api; WebVella.Erp.Api.Models; WebVella.Erp.Api.Models.AutoMapper; Newtonsoft.Json.Linq; System; System.Collections.Generic; (+3 more),2616,2022-01-27,C# source component,Low (CC~7)
Core (WebVella.Erp),WebVella.Erp/Utilities/Json.Net.Extensions.cs,C#,Newtonsoft.Json.Linq,16,2019-01-22,C# source component,Low (CC~8)
Core (WebVella.Erp),WebVella.Erp/Utilities/JsonCreationConverter.cs,C#,Newtonsoft.Json.Linq; System; System.IO,37,2019-01-22,C# source component,Low (CC~2)
Core (WebVella.Erp),WebVella.Erp/Utilities/PasswordUtil.cs,C#,System.Security.Cryptography; System.Text,26,2019-01-22,C# source component,Low (CC~3)
Core (WebVella.Erp),WebVella.Erp/Utilities/TextExtensions.cs,C#,System.Collections.Generic; System.Linq; System.Text; System.Threading.Tasks,49,2019-02-05,C# source component,Low (CC~5)
Core (WebVella.Erp),WebVella.Erp/WebVella.Erp.csproj,MSBuild/XML (.csproj),fwk:Microsoft.AspNetCore.App; AutoMapper 14.0.0; CsvHelper 33.1.0; Ical.Net 4.3.1; Irony.NetCore 1.1.11; Microsoft.Extensions.Caching.Abstractions 9.0.10; Microsoft.Extensions.Caching.Memory 9.0.10; Microsoft.Extensions.Configuration.Json 9.0.10; Microsoft.Extensions.Hosting.Abstractions 9.0.10; Microsoft.Extensions.Logging 9.0.10; Microsoft.Extensions.Logging.Console 9.0.10; Microsoft.Extensions.Logging.Debug 9.0.10; MimeMapping 3.1.0; Newtonsoft.Json 13.0.4; Npgsql 9.0.4; Storage.Net 9.3.0; System.Drawing.Common 9.0.10,71,2025-10-21,"MSBuild project file (Sdk, net9.0) for Core (WebVella.Erp)",Low (CC~1)
